Bedrooms,Bathrooms,LivingSQFT,Age,DistToWH,LotSize,ListingType,Floors,CountySchool,Garage,Price
4,5,3250,6,5432.544957,0.15,Single Family,3,ARLINGTON COUNTY PUBLIC SCHOOLS,1,1700000
5,5,5574,3,9087.230754,0.16,Single Family,3,ARLINGTON COUNTY PUBLIC SCHOOLS,2,1585000
4,5,3548,94,4548.825209,0.13,Single Family,3,ARLINGTON COUNTY PUBLIC SCHOOLS,1,1549000
4,5,3826,67,7157.924603,0.26,Single Family,3,ARLINGTON COUNTY PUBLIC SCHOOLS,2,1349000
4,5,4884,16,8106.046994,0.17,Single Family,3,ARLINGTON COUNTY PUBLIC SCHOOLS,2,1329000
5,4,3318,64,7996.296156,0.27,Single Family,3,ARLINGTON COUNTY PUBLIC SCHOOLS,2,1108300
3,3,1800,0,8693.653046,0.04,Condo/Townhome,3,ARLINGTON COUNTY PUBLIC SCHOOLS,2,849990
3,4,1686,6,6966.701578,0.02,Condo/Townhome,3,ARLINGTON COUNTY PUBLIC SCHOOLS,2,839950
3,4,1836,87,5878.207588,0.12,Single Family,3,ARLINGTON COUNTY PUBLIC SCHOOLS,1,829950
3,2,1936,80,5802.594124,0.16,Single Family,3,ARLINGTON COUNTY PUBLIC SCHOOLS,1,829000
4,2,1281,81,9223.558458,0.19,Single Family,2,ARLINGTON COUNTY PUBLIC SCHOOLS,1,799900
4,2,1824,73,7491.128608,0.16,Single Family,3,ARLINGTON COUNTY PUBLIC SCHOOLS,0,768000
2,1,936,89,7871.607751,0.26,Single Family,1,ARLINGTON COUNTY PUBLIC SCHOOLS,0,710000
2,3,2108,11,7272.267176,0.02,Condo/Townhome,3,ARLINGTON COUNTY PUBLIC SCHOOLS,2,629000
2,1,814,14,6945.217369,0.02,Condo/Townhome,1,ARLINGTON COUNTY PUBLIC SCHOOLS,1,449500
5,5,6278,13,8131.28118,0.35,Single Family,3,ARLINGTON COUNTY PUBLIC SCHOOLS,2,2199000
3,3,2525,84,5761.406735,0.19,Single Family,3,ARLINGTON COUNTY PUBLIC SCHOOLS,1,1100000
2,1,1058,70,9014.161948,0.29,Single Family,1,ARLINGTON COUNTY PUBLIC SCHOOLS,0,874900
3,2,1550,75,9768.762306,0.14,Single Family,3,ARLINGTON COUNTY PUBLIC SCHOOLS,1,865000
5,2,2366,67,10859.45673,0.27,Single Family,2,ARLINGTON COUNTY PUBLIC SCHOOLS,4,850000
3,2,1954,104,5627.491416,0.12,Single Family,3,ARLINGTON COUNTY PUBLIC SCHOOLS,2,775000
4,2,1196,71,8149.278656,0.17,Single Family,3,ARLINGTON COUNTY PUBLIC SCHOOLS,3,749900
3,2,1192,79,6250.603108,0.14,Single Family,2,ARLINGTON COUNTY PUBLIC SCHOOLS,1,650000
4,5,3510,0,7737.144798,0.12,Single Family,3,ARLINGTON COUNTY PUBLIC SCHOOLS,1,1399000
4,5,3308,11,6984.772958,0.03,Condo/Townhome,3,ARLINGTON COUNTY PUBLIC SCHOOLS,2,1200000
4,4,4424,41,6063.376254,0.05,Condo/Townhome,3,ARLINGTON COUNTY PUBLIC SCHOOLS,0,999000
5,5,4607,0,7174.210221,0.39,Single Family,3,ARLINGTON COUNTY PUBLIC SCHOOLS,2,1699990
3,2,1092,71,8379.667206,0.16,Single Family,3,ARLINGTON COUNTY PUBLIC SCHOOLS,0,569900
2,1,816,69,8657.988508,0.07,Single Family,2,ARLINGTON COUNTY PUBLIC SCHOOLS,0,324900
5,5,3684,13,9030.096069,0.25,Single Family,3,ARLINGTON COUNTY PUBLIC SCHOOLS,2,1499999
3,3,2170,79,8544.831417,0.15,Single Family,2.5,ARLINGTON COUNTY PUBLIC SCHOOLS,0,845000
6,4,4568,52,7292.466821,0.49,Single Family,2,ARLINGTON COUNTY PUBLIC SCHOOLS,2,1750000
4,5,2700,75,9592.539156,0.18,Single Family,3,ARLINGTON COUNTY PUBLIC SCHOOLS,1,995000
6,8,7232,3,9506.402455,0.89,Single Family,3,ARLINGTON COUNTY PUBLIC SCHOOLS,2,2895000
5,5,3970,6,5599.345557,0.14,Single Family,3,ARLINGTON COUNTY PUBLIC SCHOOLS,0,1298000
7,6,4388,81,7492.935331,0.19,Single Family,3,ARLINGTON COUNTY PUBLIC SCHOOLS,1,1099000
4,4,2130,78,8153.813804,0.19,Single Family,2,ARLINGTON COUNTY PUBLIC SCHOOLS,2,1055000
4,3,3016,65,8425.174442,0.17,Single Family,3,ARLINGTON COUNTY PUBLIC SCHOOLS,0,875000
3,2,1213,66,9609.962464,0.2,Single Family,3,ARLINGTON COUNTY PUBLIC SCHOOLS,0,850000
3,4,1665,22,6449.545999,0.02,Condo/Townhome,3,ARLINGTON COUNTY PUBLIC SCHOOLS,1,750000
2,2,1135,69,8272.680909,0.14,Single Family,1,ARLINGTON COUNTY PUBLIC SCHOOLS,0,730000
4,3,1258,80,8776.04213,0.14,Single Family,3,ARLINGTON COUNTY PUBLIC SCHOOLS,0,695000
3,2,1040,79,4539.542148,0.04,Condo/Townhome,3,ARLINGTON COUNTY PUBLIC SCHOOLS,0,574000
4,4,2686,52,5738.718843,0.07,Condo/Townhome,3,ARLINGTON COUNTY PUBLIC SCHOOLS,0,988000
3,3,1940,22,7085.30979,0.03,Condo/Townhome,3,ARLINGTON COUNTY PUBLIC SCHOOLS,2,910000
3,3,2490,62,9047.98327,0.16,Single Family,2,ARLINGTON COUNTY PUBLIC SCHOOLS,0,849900
3,2,1649,80,9338.893755,0.13,Single Family,3,ARLINGTON COUNTY PUBLIC SCHOOLS,1,817500
4,2,1960,66,9077.681097,0.14,Single Family,2,ARLINGTON COUNTY PUBLIC SCHOOLS,2,814900
3,2,1766,72,9342.57372,0.14,Single Family,3,ARLINGTON COUNTY PUBLIC SCHOOLS,0,799999
3,2,1386,99,7586.801069,0.31,Single Family,3,ARLINGTON COUNTY PUBLIC SCHOOLS,0,785000
3,2,1144,72,7483.802885,0.2,Single Family,3,ARLINGTON COUNTY PUBLIC SCHOOLS,2,749999
3,1,1405,75,5140.481126,0.1,Single Family,2,ARLINGTON COUNTY PUBLIC SCHOOLS,3,650000
3,4,2350,40,7959.794792,0,Condo/Townhome,3,ARLINGTON COUNTY PUBLIC SCHOOLS,0,590000
6,6,5600,5,9317.421642,0.18,Single Family,3,ARLINGTON COUNTY PUBLIC SCHOOLS,2,1849000
5,6,5089,11,10448.01133,0.23,Single Family,3,ARLINGTON COUNTY PUBLIC SCHOOLS,2,1699900
3,5,2962,24,3414.31183,0.04,Condo/Townhome,3,ARLINGTON COUNTY PUBLIC SCHOOLS,2,1470000
4,4,2822,68,10288.04572,0.14,Single Family,3,ARLINGTON COUNTY PUBLIC SCHOOLS,0,1200000
4,3,3250,40,7076.925754,0.51,Single Family,3,ARLINGTON COUNTY PUBLIC SCHOOLS,2,1000000
3,1,1170,70,7099.229966,0.15,Single Family,1,ARLINGTON COUNTY PUBLIC SCHOOLS,1,750000
3,2,1708,75,9770.678518,0.16,Single Family,3,ARLINGTON COUNTY PUBLIC SCHOOLS,0,699000
2,2,1040,11,5759.145965,0.02,Condo/Townhome,1,ARLINGTON COUNTY PUBLIC SCHOOLS,1,689000
2,3,1332,30,8149.558587,0.02,Condo/Townhome,3,ARLINGTON COUNTY PUBLIC SCHOOLS,2,449900
5,5,5794,1,13890.35019,0.24,Single Family,3,FAIRFAX COUNTY PUBLIC SCHOOLS,2,1949000
5,8,2590,60,5404.292684,0.94,Single Family,3,ARLINGTON COUNTY PUBLIC SCHOOLS,2,1550000
4,4,2900,83,8273.954982,0.24,Single Family,3,ARLINGTON COUNTY PUBLIC SCHOOLS,1,1499000
3,3,2000,82,6843.110631,0.09,Single Family,3,ARLINGTON COUNTY PUBLIC SCHOOLS,0,885000
4,3,1504,65,6113.789709,0.21,Single Family,2,ARLINGTON COUNTY PUBLIC SCHOOLS,1,725000
2,3,1605,43,4516.960486,0,Condo/Townhome,3,ARLINGTON COUNTY PUBLIC SCHOOLS,0,658000
3,2,1044,63,8023.09874,0.08,Condo/Townhome,3,ARLINGTON COUNTY PUBLIC SCHOOLS,0,454500
3,3,2064,66,6903.770684,0.29,Single Family,2,ARLINGTON COUNTY PUBLIC SCHOOLS,0,940000
4,4,2880,38,7443.726626,0.25,Single Family,3,ARLINGTON COUNTY PUBLIC SCHOOLS,2,849500
3,4,2074,79,8540.021009,0.12,Single Family,3,ARLINGTON COUNTY PUBLIC SCHOOLS,0,885999
4,4,2583,81,8696.001389,0.17,Single Family,3,ARLINGTON COUNTY PUBLIC SCHOOLS,2,999500
5,4,3517,115,6325.021921,0.16,Single Family,3,ARLINGTON COUNTY PUBLIC SCHOOLS,2,975000
4,3,2254,58,5747.150861,0.25,Single Family,3,ARLINGTON COUNTY PUBLIC SCHOOLS,0,939700
5,2,2862,63,8178.769257,0.17,Single Family,2,ARLINGTON COUNTY PUBLIC SCHOOLS,1,875000
3,4,2416,11,6433.701608,0.04,Condo/Townhome,3,ARLINGTON COUNTY PUBLIC SCHOOLS,2,825000
5,4,2190,81,7315.193934,0.25,Single Family,3,ARLINGTON COUNTY PUBLIC SCHOOLS,2,779000
2,1,940,81,10290.7635,0.17,Single Family,3,ARLINGTON COUNTY PUBLIC SCHOOLS,1,750000
5,5,4700,2,9336.531325,0.18,Single Family,3,ARLINGTON COUNTY PUBLIC SCHOOLS,2,1485000
4,5,4250,58,7489.841791,0.46,Single Family,3,ARLINGTON COUNTY PUBLIC SCHOOLS,0,1249950
3,3,1915,68,5621.671521,0.15,Single Family,3,ARLINGTON COUNTY PUBLIC SCHOOLS,0,949900
4,3,2528,58,9429.490807,0.17,Single Family,2,ARLINGTON COUNTY PUBLIC SCHOOLS,2,805000
4,2,732,79,8278.446864,0.14,Single Family,3,ARLINGTON COUNTY PUBLIC SCHOOLS,0,689500
4,5,6050,19,6184.600558,0.25,Single Family,3,ARLINGTON COUNTY PUBLIC SCHOOLS,2,1499900
3,2,2022,77,10164.67293,0.12,Single Family,2,ARLINGTON COUNTY PUBLIC SCHOOLS,1,859500
4,5,1866,31,6580.158952,0.02,Condo/Townhome,3,ARLINGTON COUNTY PUBLIC SCHOOLS,1,839900
3,2,1808,57,5880.437431,0.19,Single Family,2,ARLINGTON COUNTY PUBLIC SCHOOLS,0,810000
2,1,1020,80,6034.44568,0.07,Single Family,3,ARLINGTON COUNTY PUBLIC SCHOOLS,0,470000
6,6,5280,3,10423.90164,0.14,Single Family,3,ARLINGTON COUNTY PUBLIC SCHOOLS,2,1199900
2,2,1182,67,7962.953509,0.08,Single Family,2,ARLINGTON COUNTY PUBLIC SCHOOLS,0,399900
5,5,5263,16,10019.36018,0.18,Single Family,3,ARLINGTON COUNTY PUBLIC SCHOOLS,2,1450000
4,4,1632,52,7097.899824,0.16,Condo/Townhome,3,ARLINGTON COUNTY PUBLIC SCHOOLS,2,580000
3,1,768,84,7040.556594,0.12,Single Family,2,ARLINGTON COUNTY PUBLIC SCHOOLS,0,490000
6,5,4150,67,5823.006335,0.2,Single Family,3,ARLINGTON COUNTY PUBLIC SCHOOLS,1,1429900
5,5,3669,0,8897.263857,0.11,Single Family,3,ARLINGTON COUNTY PUBLIC SCHOOLS,2,1400000
5,3,2495,74,8383.59502,0.14,Single Family,3,ARLINGTON COUNTY PUBLIC SCHOOLS,0,939000
8,4,2982,47,5547.310011,0.13,Single Family,3,ARLINGTON COUNTY PUBLIC SCHOOLS,0,899900
3,3,1900,82,7192.533069,0.13,Single Family,3,ARLINGTON COUNTY PUBLIC SCHOOLS,1,819900
3,4,1716,39,7195.518099,0.04,Condo/Townhome,2.5,ARLINGTON COUNTY PUBLIC SCHOOLS,0,789900
3,1,1152,79,6944.810929,0.19,Single Family,3,ARLINGTON COUNTY PUBLIC SCHOOLS,0,750000
3,2,1200,73,9329.969121,0.14,Single Family,3,ARLINGTON COUNTY PUBLIC SCHOOLS,0,729900
3,4,1860,39,5485.854845,0.04,Condo/Townhome,3,ARLINGTON COUNTY PUBLIC SCHOOLS,2,725000
3,1,1122,66,7768.959696,0.19,Single Family,2,ARLINGTON COUNTY PUBLIC SCHOOLS,0,650000
2,2,1300,14,8428.979251,0.03,Condo/Townhome,1,ARLINGTON COUNTY PUBLIC SCHOOLS,2,379000
7,8,6491,1,7796.77795,0.34,Single Family,3,ARLINGTON COUNTY PUBLIC SCHOOLS,2,2195000
3,4,2900,79,8149.24372,0.29,Single Family,3,ARLINGTON COUNTY PUBLIC SCHOOLS,1,1495000
5,5,4007,68,7040.786986,0.2,Single Family,3,ARLINGTON COUNTY PUBLIC SCHOOLS,2,1450000
5,5,4038,0,8543.952997,0.14,Single Family,3,ARLINGTON COUNTY PUBLIC SCHOOLS,1,1299000
4,3,2591,84,8195.780337,0.14,Single Family,3,ARLINGTON COUNTY PUBLIC SCHOOLS,1,1185000
4,3,1868,67,5074.544628,0.16,Single Family,3,ARLINGTON COUNTY PUBLIC SCHOOLS,0,975000
4,3,2292,72,9546.211266,0.15,Single Family,3,ARLINGTON COUNTY PUBLIC SCHOOLS,0,899900
3,4,1240,37,7777.970485,0,Condo/Townhome,3,ARLINGTON COUNTY PUBLIC SCHOOLS,2,575000
2,2,936,78,6548.084228,0.07,Single Family,3,ARLINGTON COUNTY PUBLIC SCHOOLS,0,519900
2,1,850,80,5998.255118,0.06,Single Family,3,ARLINGTON COUNTY PUBLIC SCHOOLS,0,459900
2,1,1010,58,8200.019298,0,Condo/Townhome,3,ARLINGTON COUNTY PUBLIC SCHOOLS,2,195000
7,8,7066,0,8164.858802,0.33,Single Family,3,ARLINGTON COUNTY PUBLIC SCHOOLS,3,2999900
5,5,3372,3,5531.515539,0.18,Single Family,3,ARLINGTON COUNTY PUBLIC SCHOOLS,2,1650000
5,5,3777,14,10676.23505,0.31,Single Family,3,ARLINGTON COUNTY PUBLIC SCHOOLS,2,1650000
5,4,3122,77,7385.104546,0.18,Single Family,3,ARLINGTON COUNTY PUBLIC SCHOOLS,2,965000
4,3,2072,65,6151.752384,0.25,Single Family,2,ARLINGTON COUNTY PUBLIC SCHOOLS,0,715000
5,6,4604,3,4515.470507,0.13,Single Family,2.5,ARLINGTON COUNTY PUBLIC SCHOOLS,2,2190000
3,2,1480,83,6122.19566,0.11,Single Family,3,ARLINGTON COUNTY PUBLIC SCHOOLS,1,699000
5,5,4282,0,7251.343788,0.15,Single Family,3,ARLINGTON COUNTY PUBLIC SCHOOLS,2,1850000
6,5,6500,30,5661.106744,0.28,Single Family,3,ARLINGTON COUNTY PUBLIC SCHOOLS,2,1499000
3,2,1744,77,6237.718629,0.12,Single Family,2,ARLINGTON COUNTY PUBLIC SCHOOLS,0,699900
5,5,4083,4,7052.11985,0.24,Single Family,3,ARLINGTON COUNTY PUBLIC SCHOOLS,2,1725000
4,3,2806,78,9564.425792,0.17,Single Family,3,ARLINGTON COUNTY PUBLIC SCHOOLS,1,969900
3,2,2332,79,9533.485851,0.21,Single Family,3,ARLINGTON COUNTY PUBLIC SCHOOLS,0,950000
3,2,1302,54,6423.458653,0.17,Single Family,1,ARLINGTON COUNTY PUBLIC SCHOOLS,0,649900
2,2,1200,81,7684.888114,0.04,Single Family,3,ARLINGTON COUNTY PUBLIC SCHOOLS,0,599900
2,1,900,79,6310.470037,0.05,Condo/Townhome,3,ARLINGTON COUNTY PUBLIC SCHOOLS,2,550000
6,8,7821,3,7089.90221,0.24,Single Family,3,ARLINGTON COUNTY PUBLIC SCHOOLS,2,2395000
6,6,4475,79,8205.838215,0.29,Single Family,3,ARLINGTON COUNTY PUBLIC SCHOOLS,1,1999900
5,5,4214,14,6115.610841,0.14,Single Family,3,ARLINGTON COUNTY PUBLIC SCHOOLS,2,1734000
5,4,2882,82,6735.398237,0.14,Single Family,3,ARLINGTON COUNTY PUBLIC SCHOOLS,0,1185000
3,4,2294,119,6652.943928,0.14,Single Family,3,ARLINGTON COUNTY PUBLIC SCHOOLS,0,998000
4,3,1829,68,7286.420698,0.36,Single Family,2,ARLINGTON COUNTY PUBLIC SCHOOLS,0,989000
3,3,1960,110,7373.739945,0.17,Single Family,3,ARLINGTON COUNTY PUBLIC SCHOOLS,1,839000
4,2,1700,72,9386.242792,0.14,Single Family,3,ARLINGTON COUNTY PUBLIC SCHOOLS,1,799000
2,1,850,80,4799.516037,0.09,Single Family,2,ARLINGTON COUNTY PUBLIC SCHOOLS,0,525000
2,1,1255,80,6037.401399,0.07,Single Family,3,ARLINGTON COUNTY PUBLIC SCHOOLS,0,424990
3,3,2600,84,6979.227135,0.15,Single Family,3,ARLINGTON COUNTY PUBLIC SCHOOLS,3,998000
4,3,2372,56,5864.835798,0.27,Single Family,2,ARLINGTON COUNTY PUBLIC SCHOOLS,1,800000
5,3,2264,58,10215.23265,0.28,Single Family,3,ARLINGTON COUNTY PUBLIC SCHOOLS,6,799999
3,3,1623,72,9934.583384,0.12,Single Family,3,ARLINGTON COUNTY PUBLIC SCHOOLS,0,755000
4,3,2398,57,10357.57473,0.15,Single Family,3,ARLINGTON COUNTY PUBLIC SCHOOLS,2,879000
5,4,3320,19,9227.396874,0.27,Single Family,3,ARLINGTON COUNTY PUBLIC SCHOOLS,1,1299000
5,6,5742,15,5004.242128,0.28,Single Family,3,ARLINGTON COUNTY PUBLIC SCHOOLS,2,1799900
4,4,3500,0,6718.625486,0.14,Single Family,3,ARLINGTON COUNTY PUBLIC SCHOOLS,1,998800
7,7,2001,0,8319.505059,0.26,Single Family,3,ARLINGTON COUNTY PUBLIC SCHOOLS,2,2195000
3,5,3600,17,3206.954314,0.02,Condo/Townhome,3,ARLINGTON COUNTY PUBLIC SCHOOLS,2,2175000
4,5,2869,73,5464.69919,0.23,Single Family,3,ARLINGTON COUNTY PUBLIC SCHOOLS,2,1350000
4,3,3144,51,5931.163435,0.49,Single Family,2,ARLINGTON COUNTY PUBLIC SCHOOLS,0,1150000
4,2,3182,68,10464.26865,0.24,Single Family,2,ARLINGTON COUNTY PUBLIC SCHOOLS,0,975000
3,2,1050,80,7344.323601,0.08,Single Family,2,ARLINGTON COUNTY PUBLIC SCHOOLS,0,629900
3,3,1332,30,8140.100169,0.02,Condo/Townhome,3,ARLINGTON COUNTY PUBLIC SCHOOLS,0,465000
5,7,6060,15,5363.156095,0.19,Single Family,3,ARLINGTON COUNTY PUBLIC SCHOOLS,2,1799000
5,5,5055,1,7286.948682,0.16,Single Family,2,ARLINGTON COUNTY PUBLIC SCHOOLS,2,1599000
4,5,4121,0,8384.359939,0.14,Single Family,3,ARLINGTON COUNTY PUBLIC SCHOOLS,1,1335000
4,4,2218,78,8195.217608,0.19,Single Family,3,ARLINGTON COUNTY PUBLIC SCHOOLS,0,975000
4,2,2270,72,6921.298891,0.14,Single Family,3,ARLINGTON COUNTY PUBLIC SCHOOLS,0,750000
3,4,2310,40,8139.612705,0.12,Condo/Townhome,3,ARLINGTON COUNTY PUBLIC SCHOOLS,0,709900
3,2,2452,68,10908.44134,0.23,Single Family,2,ARLINGTON COUNTY PUBLIC SCHOOLS,0,599997
2,1,994,80,5731.890911,0,Condo/Townhome,2,ARLINGTON COUNTY PUBLIC SCHOOLS,0,395000
5,7,7146,0,6877.979558,0.27,Single Family,3,ARLINGTON COUNTY PUBLIC SCHOOLS,2,2449000
6,4,4208,115,5841.48405,0.14,Single Family,3,ARLINGTON COUNTY PUBLIC SCHOOLS,1,1649000
3,3,1834,75,8667.785826,0.13,Single Family,3,ARLINGTON COUNTY PUBLIC SCHOOLS,0,919900
3,1,1454,100,6198.946227,0.17,Single Family,1,ARLINGTON COUNTY PUBLIC SCHOOLS,1,749900
2,2,1100,96,4971.568754,0.13,Single Family,3,ARLINGTON COUNTY PUBLIC SCHOOLS,2,897000
3,2,1008,69,9727.918403,0.31,Single Family,2,ARLINGTON COUNTY PUBLIC SCHOOLS,1,865000
4,2,2288,62,9704.785876,0.15,Single Family,2,ARLINGTON COUNTY PUBLIC SCHOOLS,1,749900
3,1,1096,89,4990.01067,0.22,Single Family,2,ARLINGTON COUNTY PUBLIC SCHOOLS,0,799999
5,7,6710,0,9000.785517,0.23,Single Family,3,ARLINGTON COUNTY PUBLIC SCHOOLS,2,2299900
4,2,1325,71,8304.284111,0.19,Single Family,3,ARLINGTON COUNTY PUBLIC SCHOOLS,0,749888
3,3,1760,72,8849.134106,0.14,Single Family,3,ARLINGTON COUNTY PUBLIC SCHOOLS,1,719000
7,7,7136,0,7091.032107,0.29,Single Family,3,ARLINGTON COUNTY PUBLIC SCHOOLS,3,2649333
6,9,7300,0,7136.906467,0.35,Single Family,3,ARLINGTON COUNTY PUBLIC SCHOOLS,2,2595999
6,6,5400,0,8834.718209,0.16,Single Family,3,ARLINGTON COUNTY PUBLIC SCHOOLS,2,1899999
3,3,1800,0,8650.102741,0.04,Condo/Townhome,3,ARLINGTON COUNTY PUBLIC SCHOOLS,2,899990
4,5,4800,13,8080.942908,0.33,Single Family,3,ARLINGTON COUNTY PUBLIC SCHOOLS,2,2099000
5,5,4668,0,6164.921086,0.21,Single Family,3,ARLINGTON COUNTY PUBLIC SCHOOLS,2,1649990
5,5,4352,16,7061.348616,0.2,Single Family,3,ARLINGTON COUNTY PUBLIC SCHOOLS,2,1450000
4,4,3668,60,5625.048941,0.2,Single Family,3,ARLINGTON COUNTY PUBLIC SCHOOLS,1,1279900
4,4,2805,65,8495.666994,0.15,Single Family,3,ARLINGTON COUNTY PUBLIC SCHOOLS,2,1185000
3,5,3894,40,6100.335677,0.09,Condo/Townhome,3,ARLINGTON COUNTY PUBLIC SCHOOLS,2,1079000
5,3,4028,84,6708.92692,0.2,Single Family,3,ARLINGTON COUNTY PUBLIC SCHOOLS,1,1379000
4,4,2986,66,7585.419309,0.25,Single Family,2,ARLINGTON COUNTY PUBLIC SCHOOLS,2,979900
2,3,2044,57,7888.268587,0.11,Single Family,3,ARLINGTON COUNTY PUBLIC SCHOOLS,2,724999
4,2,2008,94,6322.96868,0.08,Single Family,3,ARLINGTON COUNTY PUBLIC SCHOOLS,0,699999
6,6,3877,66,8346.11779,0.29,Single Family,3,ARLINGTON COUNTY PUBLIC SCHOOLS,2,1399900
5,3,1272,56,5952.253811,0.19,Single Family,2,ARLINGTON COUNTY PUBLIC SCHOOLS,1,799000
3,2,1830,72,8641.813036,0.16,Single Family,3,ARLINGTON COUNTY PUBLIC SCHOOLS,1,689999
5,4,3718,0,7934.870092,0,Single Family,3,ARLINGTON COUNTY PUBLIC SCHOOLS,1,1239900
4,3,2500,60,11019.28971,0.18,Single Family,2,ARLINGTON COUNTY PUBLIC SCHOOLS,1,934900
6,7,4964,3,9521.023147,0.18,Single Family,3,ARLINGTON COUNTY PUBLIC SCHOOLS,2,1599000
5,5,5200,4,7721.246122,0.22,Single Family,3,ARLINGTON COUNTY PUBLIC SCHOOLS,2,1325000
0,1,383,64,2862.509728,0.01,Condo/Townhome,1,ARLINGTON COUNTY PUBLIC SCHOOLS,1,142500
5,3,2837,79,4824.349578,0.19,Single Family,3,ARLINGTON COUNTY PUBLIC SCHOOLS,1,1175000
4,3,2814,64,6078.959392,0.22,Single Family,3,ARLINGTON COUNTY PUBLIC SCHOOLS,2,1049000
4,3,2235,67,6870.044549,0.13,Single Family,2.5,ARLINGTON COUNTY PUBLIC SCHOOLS,4,869000
4,3,3030,69,7252.184874,0.2,Single Family,2,ARLINGTON COUNTY PUBLIC SCHOOLS,1,1089000
3,5,2962,23,3908.211176,0.04,Condo/Townhome,3,ARLINGTON COUNTY PUBLIC SCHOOLS,2,1275000
5,6,3423,114,7192.944802,0.35,Single Family,3,ARLINGTON COUNTY PUBLIC SCHOOLS,0,1155000
5,5,4800,62,4642.123901,0.13,Single Family,3,ARLINGTON COUNTY PUBLIC SCHOOLS,4,1884000
5,5,4950,14,6425.700368,0.14,Single Family,3,ARLINGTON COUNTY PUBLIC SCHOOLS,2,1689000
6,7,8000,7,9568.115564,0.45,Single Family,3,ARLINGTON COUNTY PUBLIC SCHOOLS,2,2649000
5,5,5260,14,5247.760725,0.14,Single Family,3,ARLINGTON COUNTY PUBLIC SCHOOLS,1,1699900
6,5,4370,65,9303.090304,0.16,Single Family,3,ARLINGTON COUNTY PUBLIC SCHOOLS,1,1474000
2,2,1632,77,6405.86228,0.13,Single Family,2,ARLINGTON COUNTY PUBLIC SCHOOLS,0,825000
5,5,4038,0,8552.837024,0.14,Single Family,3,ARLINGTON COUNTY PUBLIC SCHOOLS,1,1299000
4,3,2330,0,8575.798502,0.29,Single Family,2,ARLINGTON COUNTY PUBLIC SCHOOLS,0,1199000
4,3,2617,64,9709.791937,0.23,Single Family,2,ARLINGTON COUNTY PUBLIC SCHOOLS,0,1175000
4,3,1750,45,5299.708007,0.19,Single Family,2,ARLINGTON COUNTY PUBLIC SCHOOLS,0,779100
5,6,4938,0,8734.077782,0.19,Single Family,3,ARLINGTON COUNTY PUBLIC SCHOOLS,2,1849900
2,2,1377,80,4917.701172,0.06,Condo/Townhome,3,ARLINGTON COUNTY PUBLIC SCHOOLS,2,660000
5,5,4333,0,9867.692469,0.14,Single Family,2,ARLINGTON COUNTY PUBLIC SCHOOLS,2,1549900
5,5,3596,0,8353.625691,0.16,Single Family,3,ARLINGTON COUNTY PUBLIC SCHOOLS,2,1450000
4,5,3756,15,8132.258555,0.15,Single Family,3,ARLINGTON COUNTY PUBLIC SCHOOLS,2,1375000
4,3,2331,64,9560.187112,0.23,Single Family,2,ARLINGTON COUNTY PUBLIC SCHOOLS,2,949000
5,3,2056,95,5054.790184,0.13,Single Family,2,ARLINGTON COUNTY PUBLIC SCHOOLS,1,799900
3,1,1356,115,7714.023887,0.18,Single Family,3,ARLINGTON COUNTY PUBLIC SCHOOLS,0,650000
4,4,2963,3,7945.900535,0.18,Single Family,3,ARLINGTON COUNTY PUBLIC SCHOOLS,2,1299000
5,7,7573,0,7996.266344,0.37,Single Family,3,ARLINGTON COUNTY PUBLIC SCHOOLS,2,3875000
6,6,5759,104,7666.748049,0.66,Single Family,3,ARLINGTON COUNTY PUBLIC SCHOOLS,3,2500000
4,2,1425,97,4566.910109,0.13,Single Family,1.5,ARLINGTON COUNTY PUBLIC SCHOOLS,0,958085
1,1,1360,12,3733.7752,0,Condo/Townhome,1,ARLINGTON COUNTY PUBLIC SCHOOLS,1,975000
5,6,5567,0,6472.968202,0.22,Single Family,3,ARLINGTON COUNTY PUBLIC SCHOOLS,2,1815000
5,6,6608,0,11166.75633,0,Single Family,2,ARLINGTON COUNTY PUBLIC SCHOOLS,2,1750000
5,4,4472,8,10616.60811,0.18,Single Family,3,ARLINGTON COUNTY PUBLIC SCHOOLS,1,1324900
5,5,4290,0,4619.157829,0.11,Single Family,2.5,ARLINGTON COUNTY PUBLIC SCHOOLS,1,2095000
4,5,4600,42,8487.85093,0.29,Single Family,3,ARLINGTON COUNTY PUBLIC SCHOOLS,2,1249000
5,5,3840,0,9120.789179,0,Single Family,2.5,ARLINGTON COUNTY PUBLIC SCHOOLS,2,1610000
5,5,4099,0,10046.82588,0,Single Family,2.5,ARLINGTON COUNTY PUBLIC SCHOOLS,1,1459900
6,8,7250,0,11038.71001,0.25,Single Family,3,ARLINGTON COUNTY PUBLIC SCHOOLS,2,2098000
5,5,3912,0,7997.380789,0.14,Single Family,3,ARLINGTON COUNTY PUBLIC SCHOOLS,2,1300000
5,5,4262,0,7995.231477,0.14,Single Family,3,ARLINGTON COUNTY PUBLIC SCHOOLS,2,1300000
4,4,3397,70,7006.776903,0.19,Single Family,3,ARLINGTON COUNTY PUBLIC SCHOOLS,1,1149900
6,7,5097,1,10204.56754,0.23,Single Family,3,ARLINGTON COUNTY PUBLIC SCHOOLS,2,1700000
5,6,6620,17,5780.073149,0.47,Single Family,3,ARLINGTON COUNTY PUBLIC SCHOOLS,3,2299000
4,4,2131,7,4366.403312,0.03,Condo/Townhome,3,ARLINGTON COUNTY PUBLIC SCHOOLS,2,1170000
6,8,6737,2,8100.236911,0,Single Family,3,ARLINGTON COUNTY PUBLIC SCHOOLS,3,2799333
4,5,3800,1,6814.969262,0.16,Single Family,3,ARLINGTON COUNTY PUBLIC SCHOOLS,2,1454900
6,7,5500,0,8473.870266,0.38,Single Family,3,ARLINGTON COUNTY PUBLIC SCHOOLS,2,2460000
6,7,6386,0,10222.36783,0.28,Single Family,3,ARLINGTON COUNTY PUBLIC SCHOOLS,2,1840000
6,7,6000,0,7662.334325,0.13,Single Family,3,ARLINGTON COUNTY PUBLIC SCHOOLS,1,1590000
5,5,4540,0,9358.306508,0.15,Single Family,3,ARLINGTON COUNTY PUBLIC SCHOOLS,2,1399900
3,4,3036,19,3149.296684,0.03,Condo/Townhome,3,ARLINGTON COUNTY PUBLIC SCHOOLS,2,1875000
6,4,3919,37,8102.388707,0.23,Single Family,3,ARLINGTON COUNTY PUBLIC SCHOOLS,1,1099900
5,3,2660,51,7246.554324,0.23,Single Family,2,ARLINGTON COUNTY PUBLIC SCHOOLS,0,950000
6,6,6185,0,8464.425177,0.22,Single Family,3,ARLINGTON COUNTY PUBLIC SCHOOLS,2,2499000
6,6,6200,1,7618.996123,0.27,Single Family,3,ARLINGTON COUNTY PUBLIC SCHOOLS,2,2174500
6,7,7584,2,6164.597445,0.27,Single Family,3,ARLINGTON COUNTY PUBLIC SCHOOLS,2,2250000
5,6,2964,5,6209.624703,0.2,Single Family,3,ARLINGTON COUNTY PUBLIC SCHOOLS,2,1900000
5,5,5191,0,9727.527024,0.26,Single Family,3,ARLINGTON COUNTY PUBLIC SCHOOLS,2,1699900
5,5,4300,0,9922.772125,0.13,Single Family,3,ARLINGTON COUNTY PUBLIC SCHOOLS,2,1419900
5,5,4461,9,8075.388395,0.24,Single Family,3,ARLINGTON COUNTY PUBLIC SCHOOLS,2,1850000
6,6,6411,19,8563.540418,0.59,Single Family,3,ARLINGTON COUNTY PUBLIC SCHOOLS,2,2189000
7,7,10520,18,10450.20005,0.18,Single Family,3,ARLINGTON COUNTY PUBLIC SCHOOLS,0,1649900
6,5,5502,62,9697.35879,0.58,Single Family,3,ARLINGTON COUNTY PUBLIC SCHOOLS,2,1568000
5,5,5396,1,7802.927511,0.23,Single Family,3,ARLINGTON COUNTY PUBLIC SCHOOLS,2,2249000
5,5,5015,1,10371.71356,0.17,Single Family,3,ARLINGTON COUNTY PUBLIC SCHOOLS,2,1630000
7,8,6622,0,8035.323106,0.27,Single Family,3,ARLINGTON COUNTY PUBLIC SCHOOLS,2,2495000
6,8,6625,0,9005.718716,0.28,Single Family,3,ARLINGTON COUNTY PUBLIC SCHOOLS,2,2095000
6,7,5535,0,11259.74763,0.23,Single Family,3,ARLINGTON COUNTY PUBLIC SCHOOLS,2,1697000
5,5,4379,1,10204.63686,0.14,Single Family,3,ARLINGTON COUNTY PUBLIC SCHOOLS,2,1399000
4,4,4610,46,7873.819712,0.46,Single Family,3,ARLINGTON COUNTY PUBLIC SCHOOLS,0,1399000
5,5,5342,1,7910.088119,0.23,Single Family,3,ARLINGTON COUNTY PUBLIC SCHOOLS,2,2100000
6,6,6315,2,8201.743223,0.49,Single Family,3,ARLINGTON COUNTY PUBLIC SCHOOLS,2,2350000
4,4,3325,80,5364.886776,0.19,Single Family,3,ARLINGTON COUNTY PUBLIC SCHOOLS,1,1195000
5,7,4608,32,7992.20216,0.69,Single Family,3,ARLINGTON COUNTY PUBLIC SCHOOLS,5,2100000
5,6,4318,1,7695.918403,0.13,Single Family,3,ARLINGTON COUNTY PUBLIC SCHOOLS,1,1429000
5,9,5000,1,5663.079305,0.52,Single Family,3,ARLINGTON COUNTY PUBLIC SCHOOLS,3,3350000
4,4,4086,1,8236.429383,0.14,Single Family,3,ARLINGTON COUNTY PUBLIC SCHOOLS,2,1284900
5,5,5018,14,9841.472391,0.16,Single Family,3,ARLINGTON COUNTY PUBLIC SCHOOLS,0,1275000
3,3,2156,94,6325.910431,0.06,Single Family,2,ARLINGTON COUNTY PUBLIC SCHOOLS,0,774900
5,3,3620,59,8717.896235,0.29,Single Family,2,ARLINGTON COUNTY PUBLIC SCHOOLS,2,1050000
5,5,5138,28,39638.39015,0.57,Single Family,3,FAIRFAX COUNTY PUBLIC SCHOOLS,2,799900
3,4,1638,26,36333.80604,0.06,Condo/Townhome,3,FAIRFAX COUNTY PUBLIC SCHOOLS,1,449900
3,2,1188,52,37244.22264,0.25,Single Family,1,FAIRFAX COUNTY PUBLIC SCHOOLS,0,410000
3,3,1428,29,35179.02139,0.05,Condo/Townhome,2,FAIRFAX COUNTY PUBLIC SCHOOLS,0,354999
2,2,968,32,37354.19597,0,Condo/Townhome,3,FAIRFAX COUNTY PUBLIC SCHOOLS,2,230000
4,4,3737,27,36445.20027,0.43,Single Family,3,FAIRFAX COUNTY PUBLIC SCHOOLS,2,734900
4,3,2412,32,35872.09546,0.24,Single Family,3,FAIRFAX COUNTY PUBLIC SCHOOLS,2,574980
4,3,2195,49,36988.50626,0.25,Single Family,2,FAIRFAX COUNTY PUBLIC SCHOOLS,1,499499
4,3,2424,52,37402.33217,0.26,Single Family,2,FAIRFAX COUNTY PUBLIC SCHOOLS,0,495000
3,4,2160,32,35426.64335,0.04,Condo/Townhome,3,FAIRFAX COUNTY PUBLIC SCHOOLS,0,399990
3,4,2172,24,36494.82588,0.03,Condo/Townhome,3,FAIRFAX COUNTY PUBLIC SCHOOLS,0,399900
3,3,1320,30,35022.50662,0.04,Condo/Townhome,3,FAIRFAX COUNTY PUBLIC SCHOOLS,1,394900
2,2,1202,17,32705.22919,0,Condo/Townhome,2,FAIRFAX COUNTY PUBLIC SCHOOLS,0,289950
3,3,2200,33,36996.48579,0.23,Single Family,2,FAIRFAX COUNTY PUBLIC SCHOOLS,1,549900
3,4,1860,33,37040.05144,0.03,Condo/Townhome,3,FAIRFAX COUNTY PUBLIC SCHOOLS,0,360000
2,3,1346,29,35157.94774,0.04,Condo/Townhome,2,FAIRFAX COUNTY PUBLIC SCHOOLS,0,345000
6,5,5575,19,33045.75097,0.26,Single Family,3,FAIRFAX COUNTY PUBLIC SCHOOLS,2,940000
3,4,1584,25,36325.05014,0.04,Condo/Townhome,3,FAIRFAX COUNTY PUBLIC SCHOOLS,1,434900
3,4,1232,34,36960.46952,0.04,Condo/Townhome,3,FAIRFAX COUNTY PUBLIC SCHOOLS,2,355000
6,7,11109,2,39841.46759,5.09,Single Family,3,FAIRFAX COUNTY PUBLIC SCHOOLS,4,1779000
4,5,5855,28,39327.41363,0.83,Single Family,3,FAIRFAX COUNTY PUBLIC SCHOOLS,2,835000
5,5,5245,0,43101.31332,5,Single Family,3,FAIRFAX COUNTY PUBLIC SCHOOLS,2,849900
4,5,4001,14,33253.75822,0.12,Single Family,3,FAIRFAX COUNTY PUBLIC SCHOOLS,2,719900
4,4,3955,31,37340.2319,0.3,Single Family,3,FAIRFAX COUNTY PUBLIC SCHOOLS,2,639000
3,4,1896,15,33101.67847,0.04,Condo/Townhome,3,FAIRFAX COUNTY PUBLIC SCHOOLS,2,589900
3,3,2044,33,35402.8467,0.23,Single Family,3,FAIRFAX COUNTY PUBLIC SCHOOLS,2,564000
4,4,3232,35,37960.92891,0.46,Single Family,3,FAIRFAX COUNTY PUBLIC SCHOOLS,2,550000
4,4,1864,25,36144.32064,0.03,Condo/Townhome,3,FAIRFAX COUNTY PUBLIC SCHOOLS,0,425000
3,4,2021,25,36824.61609,0.06,Condo/Townhome,3,FAIRFAX COUNTY PUBLIC SCHOOLS,1,419900
3,3,1428,28,35239.45008,0.04,Condo/Townhome,2,FAIRFAX COUNTY PUBLIC SCHOOLS,0,325000
1,1,741,17,32750.05744,0,Condo/Townhome,1,FAIRFAX COUNTY PUBLIC SCHOOLS,1,199999
7,8,8485,1,33785.13967,0.71,Single Family,3,FAIRFAX COUNTY PUBLIC SCHOOLS,2,1560000
5,5,6011,18,32697.15028,0.23,Single Family,3,FAIRFAX COUNTY PUBLIC SCHOOLS,2,850000
4,4,2924,25,38225.2266,0.3,Single Family,3,FAIRFAX COUNTY PUBLIC SCHOOLS,2,709000
4,4,3345,19,37192.1207,0.12,Single Family,3,FAIRFAX COUNTY PUBLIC SCHOOLS,2,624990
3,3,2197,31,35691.10599,0.1,Condo/Townhome,3,FAIRFAX COUNTY PUBLIC SCHOOLS,2,502800
3,4,1954,15,33073.69195,0.03,Condo/Townhome,3,FAIRFAX COUNTY PUBLIC SCHOOLS,2,499900
3,3,1372,25,36378.25841,0.04,Condo/Townhome,3,FAIRFAX COUNTY PUBLIC SCHOOLS,1,425000
3,4,1960,31,36266.80155,0.07,Condo/Townhome,3,FAIRFAX COUNTY PUBLIC SCHOOLS,1,424900
3,3,1602,25,35587.69102,0.03,Condo/Townhome,3,FAIRFAX COUNTY PUBLIC SCHOOLS,0,365000
3,2,1140,35,35966.589,0.03,Condo/Townhome,2,FAIRFAX COUNTY PUBLIC SCHOOLS,0,325000
6,7,7233,29,38770.77533,5,Single Family,3,FAIRFAX COUNTY PUBLIC SCHOOLS,7,1238000
4,4,1782,36,34167.51737,0.23,Single Family,3,FAIRFAX COUNTY PUBLIC SCHOOLS,1,539900
3,4,1320,28,35156.24244,0.04,Condo/Townhome,3,FAIRFAX COUNTY PUBLIC SCHOOLS,1,410000
3,3,1440,37,35644.51232,0.03,Condo/Townhome,3,FAIRFAX COUNTY PUBLIC SCHOOLS,0,345000
5,4,4602,30,38810.57334,0.31,Single Family,3,FAIRFAX COUNTY PUBLIC SCHOOLS,2,745000
5,4,3479,16,38672.85469,1.01,Single Family,3,FAIRFAX COUNTY PUBLIC SCHOOLS,2,725000
3,4,1901,15,33170.56795,0.04,Condo/Townhome,3,FAIRFAX COUNTY PUBLIC SCHOOLS,1,464997
3,2,1404,51,37544.9468,0.32,Single Family,1,FAIRFAX COUNTY PUBLIC SCHOOLS,2,424900
3,4,2000,32,35385.5051,0.04,Condo/Townhome,3,FAIRFAX COUNTY PUBLIC SCHOOLS,0,399900
2,3,1166,30,34873.44636,0.03,Condo/Townhome,3,FAIRFAX COUNTY PUBLIC SCHOOLS,0,374990
2,2,1418,31,36831.45248,0.04,Condo/Townhome,2,FAIRFAX COUNTY PUBLIC SCHOOLS,0,349999
2,1,968,34,35800.85949,0.03,Condo/Townhome,2,FAIRFAX COUNTY PUBLIC SCHOOLS,0,274990
4,4,3185,14,34540.46815,0.07,Single Family,3,FAIRFAX COUNTY PUBLIC SCHOOLS,2,629900
4,3,2576,27,37257.46629,0.23,Single Family,3,FAIRFAX COUNTY PUBLIC SCHOOLS,2,534990
3,3,1472,33,34231.89794,0.03,Condo/Townhome,3,FAIRFAX COUNTY PUBLIC SCHOOLS,0,379900
3,3,1984,31,35700.48266,0.08,Condo/Townhome,3,FAIRFAX COUNTY PUBLIC SCHOOLS,1,445000
3,4,2152,25,36605.18855,0.06,Condo/Townhome,3,FAIRFAX COUNTY PUBLIC SCHOOLS,0,445000
3,4,1640,22,36812.94662,0.05,Condo/Townhome,3,FAIRFAX COUNTY PUBLIC SCHOOLS,1,434900
3,4,1800,34,34262.37861,0.03,Condo/Townhome,3,FAIRFAX COUNTY PUBLIC SCHOOLS,0,390000
2,2,1102,37,35596.19768,0.03,Condo/Townhome,2,FAIRFAX COUNTY PUBLIC SCHOOLS,0,315000
2,2,1184,36,36353.555,0.05,Condo/Townhome,3,FAIRFAX COUNTY PUBLIC SCHOOLS,0,314000
4,4,1616,25,35177.98249,0.07,Condo/Townhome,3,FAIRFAX COUNTY PUBLIC SCHOOLS,1,459999
2,1,1054,47,36180.94082,0.02,Condo/Townhome,1,FAIRFAX COUNTY PUBLIC SCHOOLS,0,220000
3,4,1792,24,36323.60864,0.04,Condo/Townhome,3,FAIRFAX COUNTY PUBLIC SCHOOLS,1,435000
3,4,2318,29,36268.7716,0.05,Condo/Townhome,3,FAIRFAX COUNTY PUBLIC SCHOOLS,1,435000
4,4,3622,23,36134.06622,0.36,Single Family,3,FAIRFAX COUNTY PUBLIC SCHOOLS,2,644895
3,3,1160,35,36311.37815,0.05,Condo/Townhome,3,FAIRFAX COUNTY PUBLIC SCHOOLS,0,389999
4,4,3786,25,36694.82603,0.45,Single Family,2,FAIRFAX COUNTY PUBLIC SCHOOLS,2,700000
5,4,2376,36,36020.68875,0.2,Single Family,3,FAIRFAX COUNTY PUBLIC SCHOOLS,2,579990
4,3,2257,35,37111.08457,0.22,Single Family,3,FAIRFAX COUNTY PUBLIC SCHOOLS,2,545000
3,4,1770,32,35400.06957,0.04,Condo/Townhome,3,FAIRFAX COUNTY PUBLIC SCHOOLS,0,385000
2,3,1346,31,35197.21725,0.04,Condo/Townhome,2,FAIRFAX COUNTY PUBLIC SCHOOLS,0,339900
2,2,1634,33,36066.11607,0.03,Condo/Townhome,3,FAIRFAX COUNTY PUBLIC SCHOOLS,2,329900
2,3,1120,37,37590.91169,0.03,Condo/Townhome,2,FAIRFAX COUNTY PUBLIC SCHOOLS,2,299975
4,4,4359,19,36431.52817,0.23,Single Family,3,FAIRFAX COUNTY PUBLIC SCHOOLS,2,775000
5,4,3091,31,34074.72197,0.23,Single Family,3,FAIRFAX COUNTY PUBLIC SCHOOLS,2,639950
4,4,2736,23,36658.73617,0.24,Single Family,3,FAIRFAX COUNTY PUBLIC SCHOOLS,2,615000
4,3,2299,25,37062.06516,0.11,Single Family,3,FAIRFAX COUNTY PUBLIC SCHOOLS,2,525000
5,4,2420,34,36310.51293,0.2,Single Family,3,FAIRFAX COUNTY PUBLIC SCHOOLS,2,515000
3,3,2256,36,38154.6774,0.3,Single Family,3,FAIRFAX COUNTY PUBLIC SCHOOLS,2,510000
3,3,1418,31,35398.41383,0.04,Condo/Townhome,3,FAIRFAX COUNTY PUBLIC SCHOOLS,1,410000
2,4,2244,25,36645.3979,0.03,Condo/Townhome,3,FAIRFAX COUNTY PUBLIC SCHOOLS,0,399000
4,4,1240,52,37277.10179,0.07,Condo/Townhome,3,FAIRFAX COUNTY PUBLIC SCHOOLS,0,339900
3,3,1276,30,35667.37289,0.03,Condo/Townhome,3,FAIRFAX COUNTY PUBLIC SCHOOLS,0,335000
2,2,1020,34,34886.55752,0.02,Condo/Townhome,2,FAIRFAX COUNTY PUBLIC SCHOOLS,0,275000
4,3,3309,28,36044.60707,0.22,Single Family,3,FAIRFAX COUNTY PUBLIC SCHOOLS,2,655900
4,4,3628,32,37055.11517,0.35,Single Family,3,FAIRFAX COUNTY PUBLIC SCHOOLS,2,639900
3,4,1997,31,35699.68222,0.11,Condo/Townhome,3,FAIRFAX COUNTY PUBLIC SCHOOLS,2,419000
3,4,2060,32,36165.33032,0.05,Condo/Townhome,3,FAIRFAX COUNTY PUBLIC SCHOOLS,1,404900
5,4,2807,31,35528.52393,0.21,Single Family,3,FAIRFAX COUNTY PUBLIC SCHOOLS,1,560000
3,4,2184,20,32797.66275,0.05,Condo/Townhome,3,FAIRFAX COUNTY PUBLIC SCHOOLS,2,550000
4,3,2710,30,35842.93261,0.15,Single Family,3,FAIRFAX COUNTY PUBLIC SCHOOLS,2,515000
3,3,1936,31,35695.66294,0.07,Condo/Townhome,3,FAIRFAX COUNTY PUBLIC SCHOOLS,1,430000
4,5,3185,14,34448.47696,0.08,Single Family,3,FAIRFAX COUNTY PUBLIC SCHOOLS,2,695000
3,3,1850,34,35948.30531,0.2,Single Family,3,FAIRFAX COUNTY PUBLIC SCHOOLS,2,499900
4,4,4878,30,39211.13343,0.31,Single Family,3,FAIRFAX COUNTY PUBLIC SCHOOLS,2,774900
4,3,3143,21,32575.71674,0.22,Single Family,3,FAIRFAX COUNTY PUBLIC SCHOOLS,2,744900
5,4,3386,30,37038.24908,0.17,Single Family,3,FAIRFAX COUNTY PUBLIC SCHOOLS,2,630000
4,3,2450,39,38015.85125,0.26,Single Family,3,FAIRFAX COUNTY PUBLIC SCHOOLS,2,579950
4,4,2931,36,35388.51469,0.22,Single Family,3,FAIRFAX COUNTY PUBLIC SCHOOLS,2,574900
4,3,2204,29,36034.40143,0.18,Single Family,3,FAIRFAX COUNTY PUBLIC SCHOOLS,2,535000
3,3,2804,31,35728.97684,0.07,Condo/Townhome,3,FAIRFAX COUNTY PUBLIC SCHOOLS,1,474900
3,4,1568,32,36271.04216,0.04,Condo/Townhome,3,FAIRFAX COUNTY PUBLIC SCHOOLS,0,420000
3,4,1885,29,35198.32922,0.06,Condo/Townhome,3,FAIRFAX COUNTY PUBLIC SCHOOLS,1,414900
3,3,2698,32,33864.86866,0.29,Single Family,3,FAIRFAX COUNTY PUBLIC SCHOOLS,2,619950
4,4,2005,27,36959.46567,0.11,Single Family,3,FAIRFAX COUNTY PUBLIC SCHOOLS,2,539000
4,2,2056,49,36353.88816,0.21,Single Family,2.5,FAIRFAX COUNTY PUBLIC SCHOOLS,0,465000
3,4,2244,29,36319.12875,0.07,Condo/Townhome,3,FAIRFAX COUNTY PUBLIC SCHOOLS,1,456900
3,4,1672,31,35364.6677,0.04,Condo/Townhome,3,FAIRFAX COUNTY PUBLIC SCHOOLS,1,439900
4,4,1910,32,34417.85751,0.04,Condo/Townhome,3,FAIRFAX COUNTY PUBLIC SCHOOLS,0,417770
3,3,1660,53,37472.6705,0.06,Condo/Townhome,3,FAIRFAX COUNTY PUBLIC SCHOOLS,2,335000
2,3,1183,31,36599.43031,0.05,Condo/Townhome,2,FAIRFAX COUNTY PUBLIC SCHOOLS,0,304900
5,5,6671,31,39433.10107,1.42,Single Family,3,FAIRFAX COUNTY PUBLIC SCHOOLS,4,798800
5,5,6508,17,38944.8525,1.69,Single Family,3,FAIRFAX COUNTY PUBLIC SCHOOLS,3,1089000
4,3,2875,26,36980.97389,0.12,Single Family,2,FAIRFAX COUNTY PUBLIC SCHOOLS,2,623000
3,3,1224,32,35356.3257,0.04,Condo/Townhome,3,FAIRFAX COUNTY PUBLIC SCHOOLS,1,369000
5,8,7599,16,39176.50255,1.07,Single Family,3,FAIRFAX COUNTY PUBLIC SCHOOLS,3,1230000
4,3,3360,18,32827.13329,0.29,Single Family,3,FAIRFAX COUNTY PUBLIC SCHOOLS,2,799999
3,4,1408,26,36835.09434,0.04,Condo/Townhome,3,FAIRFAX COUNTY PUBLIC SCHOOLS,1,399900
2,2,1260,34,36911.76377,0.03,Condo/Townhome,3,FAIRFAX COUNTY PUBLIC SCHOOLS,0,305000
4,4,3216,25,36310.5945,0.17,Single Family,3,FAIRFAX COUNTY PUBLIC SCHOOLS,2,599900
4,4,4055,31,39447.84744,0.3,Single Family,3,FAIRFAX COUNTY PUBLIC SCHOOLS,2,699900
2,2,1280,33,34290.32699,0.03,Condo/Townhome,3,FAIRFAX COUNTY PUBLIC SCHOOLS,0,325000
5,5,4435,30,39772.24925,0.58,Single Family,3,FAIRFAX COUNTY PUBLIC SCHOOLS,3,849900
4,4,4060,30,39559.09859,0.3,Single Family,3,FAIRFAX COUNTY PUBLIC SCHOOLS,2,689900
4,4,3328,27,35342.83453,0.25,Single Family,3,FAIRFAX COUNTY PUBLIC SCHOOLS,2,624900
5,4,3408,26,37267.90241,0.23,Single Family,3,FAIRFAX COUNTY PUBLIC SCHOOLS,2,615000
4,4,3118,37,37765.57908,0.31,Single Family,3,FAIRFAX COUNTY PUBLIC SCHOOLS,2,599500
3,3,1280,50,37145.04593,0.07,Condo/Townhome,3,FAIRFAX COUNTY PUBLIC SCHOOLS,0,345900
4,6,8656,1,38820.0631,2.11,Single Family,3,FAIRFAX COUNTY PUBLIC SCHOOLS,3,1109990
4,5,4703,0,38820.0631,1.31,Single Family,3,FAIRFAX COUNTY PUBLIC SCHOOLS,3,944990
4,5,4656,0,40289.77045,1.31,Single Family,2,FAIRFAX COUNTY PUBLIC SCHOOLS,3,899990
6,6,5000,0,42125.39265,0.7,Single Family,3,LOUDOUN COUNTY PUBLIC SCHOOLS,2,888990
5,4,4731,32,35875.67498,0.19,Single Family,3,FAIRFAX COUNTY PUBLIC SCHOOLS,2,650000
5,4,3696,22,37290.26395,0.16,Single Family,3,FAIRFAX COUNTY PUBLIC SCHOOLS,2,649900
5,4,5188,30,38711.11708,0.42,Single Family,3,FAIRFAX COUNTY PUBLIC SCHOOLS,2,750000
2,2,1102,17,33002.83587,0,Condo/Townhome,1,FAIRFAX COUNTY PUBLIC SCHOOLS,0,299900
6,6,6822,16,37415.89571,1.81,Single Family,3,FAIRFAX COUNTY PUBLIC SCHOOLS,3,1199000
4,4,2438,30,38124.71207,0.68,Single Family,3,FAIRFAX COUNTY PUBLIC SCHOOLS,2,639990
4,4,1788,33,35913.10755,0.2,Single Family,3,FAIRFAX COUNTY PUBLIC SCHOOLS,2,510000
7,8,9800,1,42751.22578,5.1,Single Family,3,FAIRFAX COUNTY PUBLIC SCHOOLS,4,1349990
5,4,5580,30,38792.59784,0.32,Single Family,3,FAIRFAX COUNTY PUBLIC SCHOOLS,2,734900
4,6,5602,0,38820.0631,1.88,Single Family,3,FAIRFAX COUNTY PUBLIC SCHOOLS,3,1009990
4,6,5747,0,38820.0631,1.3,Single Family,3,FAIRFAX COUNTY PUBLIC SCHOOLS,3,979990
2,4,1456,29,36071.26713,0.03,Condo/Townhome,3,FAIRFAX COUNTY PUBLIC SCHOOLS,0,360000
4,5,6500,-1,40011.62589,7,Single Family,3,FAIRFAX COUNTY PUBLIC SCHOOLS,4,1495000
5,5,7031,17,39587.16826,0.9,Single Family,3,FAIRFAX COUNTY PUBLIC SCHOOLS,3,919900
4,4,3423,28,38240.73359,0.31,Single Family,3,FAIRFAX COUNTY PUBLIC SCHOOLS,2,649900
4,3,2792,32,35936.07161,0.2,Single Family,3,FAIRFAX COUNTY PUBLIC SCHOOLS,2,515000
4,3,2600,41,38700.48806,0.27,Single Family,3,FAIRFAX COUNTY PUBLIC SCHOOLS,1,510000
3,4,1514,31,34593.4498,0.05,Condo/Townhome,3,FAIRFAX COUNTY PUBLIC SCHOOLS,0,389900
2,2,1102,17,32803.68331,0,Condo/Townhome,1,FAIRFAX COUNTY PUBLIC SCHOOLS,1,295000
5,3,3286,31,39201.36216,0.36,Single Family,3,FAIRFAX COUNTY PUBLIC SCHOOLS,2,649999
4,3,2677,21,37272.65635,0.17,Single Family,3,FAIRFAX COUNTY PUBLIC SCHOOLS,2,537990
3,4,1200,33,37047.4836,0.03,Condo/Townhome,3,FAIRFAX COUNTY PUBLIC SCHOOLS,2,375000
6,6,6000,0,42125.39265,0.69,Single Family,3,LOUDOUN COUNTY PUBLIC SCHOOLS,3,984990
3,4,1778,25,35497.84519,0.06,Condo/Townhome,3,FAIRFAX COUNTY PUBLIC SCHOOLS,1,435000
1,1,741,17,32803.68331,0,Condo/Townhome,1,FAIRFAX COUNTY PUBLIC SCHOOLS,0,204900
4,6,4923,26,39132.29202,5,Single Family,3,FAIRFAX COUNTY PUBLIC SCHOOLS,2,1149900
3,4,1314,31,34760.36936,0.03,Condo/Townhome,3,FAIRFAX COUNTY PUBLIC SCHOOLS,3,374900
4,5,4451,28,38718.56045,0.32,Single Family,3,FAIRFAX COUNTY PUBLIC SCHOOLS,2,724900
4,4,4774,26,38195.99606,0.3,Single Family,3,FAIRFAX COUNTY PUBLIC SCHOOLS,2,724900
3,1,1157,47,36904.54179,0.07,Condo/Townhome,1,FAIRFAX COUNTY PUBLIC SCHOOLS,0,299000
4,4,3500,28,38425.13761,0.3,Single Family,3,FAIRFAX COUNTY PUBLIC SCHOOLS,2,649900
4,4,3750,0,42071.75891,0.75,Single Family,3,LOUDOUN COUNTY PUBLIC SCHOOLS,2,778990
3,3,1080,34,36836.94515,0.05,Condo/Townhome,3,FAIRFAX COUNTY PUBLIC SCHOOLS,0,335000
6,6,5333,0,42125.39265,0.75,Single Family,3,LOUDOUN COUNTY PUBLIC SCHOOLS,2,902634
5,5,4634,0,41845.72401,0.76,Single Family,3,LOUDOUN COUNTY PUBLIC SCHOOLS,3,989990
5,5,4257,0,41845.72401,0.76,Single Family,3,LOUDOUN COUNTY PUBLIC SCHOOLS,3,939990
5,4,3930,0,41845.72401,0.67,Single Family,3,LOUDOUN COUNTY PUBLIC SCHOOLS,3,879990
5,3,2284,68,33887.27949,5.19,Single Family,1,FAIRFAX COUNTY PUBLIC SCHOOLS,0,1500000
6,4,3600,32,35929.3477,0.23,Single Family,3,FAIRFAX COUNTY PUBLIC SCHOOLS,0,653000
4,5,3470,19,26376.23279,0.29,Single Family,3,FAIRFAX COUNTY PUBLIC SCHOOLS,2,920000
3,4,1726,39,25640.89626,0.04,Condo/Townhome,3,FAIRFAX COUNTY PUBLIC SCHOOLS,0,759000
2,3,1104,48,28763.04073,0.03,Condo/Townhome,2,FAIRFAX COUNTY PUBLIC SCHOOLS,0,329900
2,1,840,34,28417.35648,0,Condo/Townhome,1,FAIRFAX COUNTY PUBLIC SCHOOLS,0,234999
2,1,991,46,28395.70889,0,Condo/Townhome,1,FAIRFAX COUNTY PUBLIC SCHOOLS,0,225000
3,1,1004,46,28936.3022,0,Condo/Townhome,1,FAIRFAX COUNTY PUBLIC SCHOOLS,0,205000
4,4,3175,23,28451.34441,0.39,Single Family,3,FAIRFAX COUNTY PUBLIC SCHOOLS,2,999000
4,4,3675,33,25816.68131,0.97,Single Family,3,FAIRFAX COUNTY PUBLIC SCHOOLS,2,899900
5,4,3299,47,27758.33141,0.4,Single Family,3,FAIRFAX COUNTY PUBLIC SCHOOLS,2,675000
4,3,2342,27,30879.73997,0.24,Single Family,3,FAIRFAX COUNTY PUBLIC SCHOOLS,2,664999
4,4,2749,24,27528.69961,0.06,Condo/Townhome,3,FAIRFAX COUNTY PUBLIC SCHOOLS,0,585000
3,4,2382,23,28070.49253,0.06,Condo/Townhome,3,FAIRFAX COUNTY PUBLIC SCHOOLS,0,568000
3,4,1534,43,27281.24975,0.04,Condo/Townhome,3,FAIRFAX COUNTY PUBLIC SCHOOLS,0,475000
3,3,1280,47,27791.41293,0.03,Condo/Townhome,3,FAIRFAX COUNTY PUBLIC SCHOOLS,2,463000
2,2,1360,22,28259.115,0,Condo/Townhome,2,FAIRFAX COUNTY PUBLIC SCHOOLS,1,415000
2,2,945,15,29134.88885,0,Condo/Townhome,1,FAIRFAX COUNTY PUBLIC SCHOOLS,4,384990
1,2,1073,53,27529.82574,0.03,Condo/Townhome,1,FAIRFAX COUNTY PUBLIC SCHOOLS,0,289000
4,3,1905,44,29918.79472,0.46,Single Family,3,FAIRFAX COUNTY PUBLIC SCHOOLS,2,564900
2,2,1040,46,29053.28728,0.03,Condo/Townhome,3,FAIRFAX COUNTY PUBLIC SCHOOLS,0,339900
4,4,3519,36,26455.9521,0.35,Single Family,3,FAIRFAX COUNTY PUBLIC SCHOOLS,2,849900
4,4,2310,51,28218.34956,0.03,Condo/Townhome,3,FAIRFAX COUNTY PUBLIC SCHOOLS,0,549786
3,3,2132,38,26757.31287,0.12,Condo/Townhome,3,FAIRFAX COUNTY PUBLIC SCHOOLS,2,699000
4,4,1402,40,26990.08362,0.05,Condo/Townhome,3,FAIRFAX COUNTY PUBLIC SCHOOLS,0,425000
3,4,3622,21,29517.85893,0.12,Single Family,3,FAIRFAX COUNTY PUBLIC SCHOOLS,2,665000
4,4,1638,34,28656.61276,0.26,Single Family,3,FAIRFAX COUNTY PUBLIC SCHOOLS,0,649888
3,4,2243,22,28468.53277,0.05,Condo/Townhome,3,FAIRFAX COUNTY PUBLIC SCHOOLS,1,575000
4,3,1820,51,26250.15052,0.34,Single Family,2,FAIRFAX COUNTY PUBLIC SCHOOLS,0,575000
4,4,2288,47,29139.46996,0.21,Single Family,3,FAIRFAX COUNTY PUBLIC SCHOOLS,1,574900
4,3,1592,46,29605.35858,0.53,Single Family,3,FAIRFAX COUNTY PUBLIC SCHOOLS,2,565900
4,4,2112,47,28170.04414,0.05,Condo/Townhome,3,FAIRFAX COUNTY PUBLIC SCHOOLS,0,458000
3,3,1320,47,27207.5409,0.03,Condo/Townhome,3,FAIRFAX COUNTY PUBLIC SCHOOLS,0,425000
3,2,1870,45,28029.16525,0.05,Condo/Townhome,3,FAIRFAX COUNTY PUBLIC SCHOOLS,0,420000
6,4,3958,33,29340.72194,0.59,Single Family,3,FAIRFAX COUNTY PUBLIC SCHOOLS,2,865000
4,3,2200,52,28320.03132,0.79,Single Family,3,FAIRFAX COUNTY PUBLIC SCHOOLS,0,720000
3,4,3084,38,27907.24167,0.08,Condo/Townhome,3,FAIRFAX COUNTY PUBLIC SCHOOLS,2,629900
3,3,1296,23,28424.29058,0.04,Condo/Townhome,3,FAIRFAX COUNTY PUBLIC SCHOOLS,0,474888
3,4,2257,46,26446.08307,0.04,Condo/Townhome,3,FAIRFAX COUNTY PUBLIC SCHOOLS,0,469900
4,4,2268,47,26509.24903,0.03,Condo/Townhome,3,FAIRFAX COUNTY PUBLIC SCHOOLS,2,449987
3,3,1349,41,26391.2852,0.03,Condo/Townhome,2,FAIRFAX COUNTY PUBLIC SCHOOLS,0,424800
3,3,1160,34,29450.90359,0.05,Condo/Townhome,3,FAIRFAX COUNTY PUBLIC SCHOOLS,0,399900
2,2,1270,33,29418.06239,0.02,Condo/Townhome,3,FAIRFAX COUNTY PUBLIC SCHOOLS,0,379500
3,4,1395,32,29401.12369,0.02,Condo/Townhome,3,FAIRFAX COUNTY PUBLIC SCHOOLS,0,369500
4,4,2320,20,29312.44942,0.07,Condo/Townhome,3,FAIRFAX COUNTY PUBLIC SCHOOLS,2,825000
3,4,3130,26,28305.45402,0.05,Condo/Townhome,3,FAIRFAX COUNTY PUBLIC SCHOOLS,1,615000
3,3,1660,34,29425.37063,0.05,Condo/Townhome,3,FAIRFAX COUNTY PUBLIC SCHOOLS,2,400000
3,3,1916,47,27968.09347,0.03,Condo/Townhome,3,FAIRFAX COUNTY PUBLIC SCHOOLS,2,489900
3,3,1834,22,28571.1306,0.04,Condo/Townhome,3,FAIRFAX COUNTY PUBLIC SCHOOLS,1,565000
3,4,2078,50,27662.44625,0.05,Condo/Townhome,3,FAIRFAX COUNTY PUBLIC SCHOOLS,0,545000
5,3,2697,48,28818.05118,1.05,Single Family,3,FAIRFAX COUNTY PUBLIC SCHOOLS,2,764800
5,5,2817,33,29017.21254,0.41,Single Family,3,FAIRFAX COUNTY PUBLIC SCHOOLS,2,874900
4,4,4250,42,27988.07994,0.58,Single Family,3,FAIRFAX COUNTY PUBLIC SCHOOLS,2,819900
2,3,1116,36,26303.97617,0.02,Condo/Townhome,3,FAIRFAX COUNTY PUBLIC SCHOOLS,0,355000
1,1,745,16,29039.44801,0,Condo/Townhome,1,FAIRFAX COUNTY PUBLIC SCHOOLS,2,299000
4,4,3044,29,27614.93916,0.24,Single Family,3,FAIRFAX COUNTY PUBLIC SCHOOLS,1,815000
3,2,1493,16,29039.44801,0,Condo/Townhome,1,FAIRFAX COUNTY PUBLIC SCHOOLS,2,624800
3,2,1752,36,25510.75872,0.05,Condo/Townhome,3,FAIRFAX COUNTY PUBLIC SCHOOLS,0,434900
4,3,1705,46,29640.75711,0.03,Condo/Townhome,3,FAIRFAX COUNTY PUBLIC SCHOOLS,0,364500
2,2,1716,12,28971.13038,0,Condo/Townhome,3,FAIRFAX COUNTY PUBLIC SCHOOLS,2,750000
3,5,3174,32,28047.43075,0.1,Single Family,3,FAIRFAX COUNTY PUBLIC SCHOOLS,2,750000
4,3,2718,39,25866.41776,0.29,Single Family,1,FAIRFAX COUNTY PUBLIC SCHOOLS,2,679900
4,3,2062,43,29942.02071,0.48,Single Family,3,FAIRFAX COUNTY PUBLIC SCHOOLS,1,620000
3,4,2874,30,27572.36443,0.08,Condo/Townhome,3,FAIRFAX COUNTY PUBLIC SCHOOLS,2,618000
2,4,1752,30,29007.32776,0.04,Condo/Townhome,3,FAIRFAX COUNTY PUBLIC SCHOOLS,1,499900
2,1,1416,38,28814.00394,0.03,Condo/Townhome,3,FAIRFAX COUNTY PUBLIC SCHOOLS,0,325000
4,4,4020,33,26085.90711,0.26,Single Family,3,FAIRFAX COUNTY PUBLIC SCHOOLS,2,1425000
3,4,1632,45,27400.36248,0.07,Condo/Townhome,3,FAIRFAX COUNTY PUBLIC SCHOOLS,0,420000
5,4,3285,36,27035.79452,0.41,Single Family,3,FAIRFAX COUNTY PUBLIC SCHOOLS,2,785000
4,3,1862,42,29571.02302,0.38,Single Family,2,FAIRFAX COUNTY PUBLIC SCHOOLS,2,599990
3,2,1497,45,27946.18073,0.03,Condo/Townhome,3,FAIRFAX COUNTY PUBLIC SCHOOLS,0,350000
4,4,2960,42,28241.42668,0.37,Single Family,3,FAIRFAX COUNTY PUBLIC SCHOOLS,2,770000
4,4,3096,27,27937.41296,0.09,Condo/Townhome,3,FAIRFAX COUNTY PUBLIC SCHOOLS,2,674990
3,4,2438,32,28371.35654,0.1,Condo/Townhome,3,FAIRFAX COUNTY PUBLIC SCHOOLS,2,650000
3,3,1400,47,27995.06358,0.03,Condo/Townhome,3,FAIRFAX COUNTY PUBLIC SCHOOLS,0,445000
1,2,1038,16,29039.44801,0,Condo/Townhome,2,FAIRFAX COUNTY PUBLIC SCHOOLS,0,369000
3,4,2704,21,29516.66031,0.08,Condo/Townhome,3,FAIRFAX COUNTY PUBLIC SCHOOLS,2,895000
3,4,2811,31,28235.29096,0.07,Single Family,3,FAIRFAX COUNTY PUBLIC SCHOOLS,2,659900
4,4,2784,50,27772.9144,0.04,Condo/Townhome,3,FAIRFAX COUNTY PUBLIC SCHOOLS,0,570000
2,2,1440,52,27267.46107,0.04,Condo/Townhome,3,FAIRFAX COUNTY PUBLIC SCHOOLS,0,419000
1,1,748,48,27023.48298,0,Condo/Townhome,1,FAIRFAX COUNTY PUBLIC SCHOOLS,2,199900
3,4,1604,22,28479.37496,0.05,Condo/Townhome,3,FAIRFAX COUNTY PUBLIC SCHOOLS,1,514900
3,2,1448,36,28822.30444,0.02,Condo/Townhome,3,FAIRFAX COUNTY PUBLIC SCHOOLS,0,339000
5,3,1984,42,29617.39973,0.06,Single Family,2,FAIRFAX COUNTY PUBLIC SCHOOLS,0,474900
3,4,1924,41,26484.03521,0.03,Condo/Townhome,3,FAIRFAX COUNTY PUBLIC SCHOOLS,0,474900
2,3,1080,33,28892.04774,0.03,Condo/Townhome,3,FAIRFAX COUNTY PUBLIC SCHOOLS,2,395000
2,3,1031,35,26197.13874,0.02,Condo/Townhome,3,FAIRFAX COUNTY PUBLIC SCHOOLS,0,355000
4,2,2700,54,27593.50673,0.03,Condo/Townhome,3,FAIRFAX COUNTY PUBLIC SCHOOLS,0,950000
5,4,4689,19,26529.73158,0.23,Single Family,3,FAIRFAX COUNTY PUBLIC SCHOOLS,2,899900
4,4,1852,25,29159.14336,0.07,Condo/Townhome,2.5,FAIRFAX COUNTY PUBLIC SCHOOLS,1,660000
4,4,1360,47,27935.40725,0.03,Condo/Townhome,3,FAIRFAX COUNTY PUBLIC SCHOOLS,0,439900
2,2,1354,32,28946.63422,0.02,Condo/Townhome,3,FAIRFAX COUNTY PUBLIC SCHOOLS,1,369900
2,4,1296,23,28412.81031,0.04,Condo/Townhome,3,FAIRFAX COUNTY PUBLIC SCHOOLS,0,424900
5,4,3405,36,28172.03349,0.32,Single Family,3,FAIRFAX COUNTY PUBLIC SCHOOLS,2,835000
3,3,2620,41,26805.93974,0.14,Single Family,2,FAIRFAX COUNTY PUBLIC SCHOOLS,0,649987
4,3,2087,49,26142.30107,0.31,Single Family,3,FAIRFAX COUNTY PUBLIC SCHOOLS,0,599000
3,4,2062,26,28004.84764,0.09,Condo/Townhome,3,FAIRFAX COUNTY PUBLIC SCHOOLS,2,580000
3,3,1296,22,28372.68973,0.03,Condo/Townhome,3,FAIRFAX COUNTY PUBLIC SCHOOLS,0,464990
2,4,1296,23,28560.47176,0.03,Condo/Townhome,3,FAIRFAX COUNTY PUBLIC SCHOOLS,0,449900
3,4,4700,16,25722.83369,0.06,Condo/Townhome,3,FAIRFAX COUNTY PUBLIC SCHOOLS,2,1075000
5,5,4435,24,28155.9378,0.54,Single Family,3,FAIRFAX COUNTY PUBLIC SCHOOLS,2,999999
3,3,1902,26,27881.48034,0.04,Condo/Townhome,3,FAIRFAX COUNTY PUBLIC SCHOOLS,1,559999
3,4,1650,45,27703.30548,0.04,Condo/Townhome,3,FAIRFAX COUNTY PUBLIC SCHOOLS,0,449600
4,4,1262,45,27829.61917,0.03,Condo/Townhome,3,FAIRFAX COUNTY PUBLIC SCHOOLS,0,409950
4,5,1463,47,28747.11113,0.03,Condo/Townhome,3,FAIRFAX COUNTY PUBLIC SCHOOLS,0,348000
2,1,837,34,28225.90945,0,Condo/Townhome,1,FAIRFAX COUNTY PUBLIC SCHOOLS,1,259000
6,4,4191,41,24910.77544,0.54,Single Family,3,FAIRFAX COUNTY PUBLIC SCHOOLS,2,799900
3,4,2215,49,26698.62033,0.07,Condo/Townhome,3,FAIRFAX COUNTY PUBLIC SCHOOLS,1,499800
4,3,2835,51,27406.47102,0.66,Single Family,3,FAIRFAX COUNTY PUBLIC SCHOOLS,2,675000
5,4,4324,24,28576.82719,0.44,Single Family,3,FAIRFAX COUNTY PUBLIC SCHOOLS,2,985000
4,4,2800,21,29371.85571,0.04,Condo/Townhome,3,FAIRFAX COUNTY PUBLIC SCHOOLS,2,850000
3,4,1734,33,29345.65963,0.03,Condo/Townhome,3,FAIRFAX COUNTY PUBLIC SCHOOLS,0,435000
3,4,2512,41,26440.90405,0.11,Condo/Townhome,3,FAIRFAX COUNTY PUBLIC SCHOOLS,0,829900
4,3,2494,31,29099.32002,0.06,Condo/Townhome,3,FAIRFAX COUNTY PUBLIC SCHOOLS,1,600000
4,2,2221,34,30467.66322,0.27,Single Family,3,FAIRFAX COUNTY PUBLIC SCHOOLS,2,625000
2,2,1235,16,29039.44801,0,Condo/Townhome,3,FAIRFAX COUNTY PUBLIC SCHOOLS,2,450000
4,4,1604,50,26540.70289,0.05,Condo/Townhome,3,FAIRFAX COUNTY PUBLIC SCHOOLS,0,439900
2,2,1248,34,29532.51397,0.02,Condo/Townhome,3,FAIRFAX COUNTY PUBLIC SCHOOLS,2,349800
3,4,2305,40,27454.10285,0.05,Condo/Townhome,3,FAIRFAX COUNTY PUBLIC SCHOOLS,0,578900
5,4,4400,27,27102.69559,0.43,Single Family,3,FAIRFAX COUNTY PUBLIC SCHOOLS,2,849900
4,4,2518,22,29875.20999,0.17,Single Family,3,FAIRFAX COUNTY PUBLIC SCHOOLS,2,699000
2,3,1449,16,29039.44801,0,Condo/Townhome,2,FAIRFAX COUNTY PUBLIC SCHOOLS,3,649000
3,2,1029,45,27465.45292,0.02,Condo/Townhome,1,FAIRFAX COUNTY PUBLIC SCHOOLS,0,208000
6,4,4790,27,27377.59205,0.62,Single Family,3,FAIRFAX COUNTY PUBLIC SCHOOLS,2,987000
4,5,2775,1,27828.30288,0.03,Condo/Townhome,3,FAIRFAX COUNTY PUBLIC SCHOOLS,2,869900
4,5,2755,46,29975.12368,0.46,Single Family,3,FAIRFAX COUNTY PUBLIC SCHOOLS,2,565000
3,3,1349,41,26431.29517,0.03,Condo/Townhome,2,FAIRFAX COUNTY PUBLIC SCHOOLS,0,437777
3,4,1691,44,27224.44468,0.04,Condo/Townhome,3,FAIRFAX COUNTY PUBLIC SCHOOLS,2,429000
3,4,2556,36,28317.76633,0.32,Single Family,3,FAIRFAX COUNTY PUBLIC SCHOOLS,1,620000
3,4,3002,27,27926.46448,0.08,Condo/Townhome,3,FAIRFAX COUNTY PUBLIC SCHOOLS,2,639900
4,4,2739,35,28336.58457,0.11,Single Family,3,FAIRFAX COUNTY PUBLIC SCHOOLS,2,679000
3,3,2112,54,27636.46997,0.04,Condo/Townhome,3,FAIRFAX COUNTY PUBLIC SCHOOLS,0,579500
3,3,1340,32,28926.03092,0.04,Condo/Townhome,2,FAIRFAX COUNTY PUBLIC SCHOOLS,0,399900
4,3,4832,24,27838.74569,0.2,Single Family,3,FAIRFAX COUNTY PUBLIC SCHOOLS,2,1399900
4,4,2672,35,28276.42252,0.21,Single Family,3,FAIRFAX COUNTY PUBLIC SCHOOLS,1,669000
3,4,1592,41,26425.25808,0.03,Condo/Townhome,3,FAIRFAX COUNTY PUBLIC SCHOOLS,0,539900
2,3,1372,16,29039.44801,0,Condo/Townhome,2,FAIRFAX COUNTY PUBLIC SCHOOLS,2,514999
3,4,1718,47,26783.82581,0.04,Condo/Townhome,3,FAIRFAX COUNTY PUBLIC SCHOOLS,0,450000
2,2,840,34,29643.62986,0.02,Condo/Townhome,3,FAIRFAX COUNTY PUBLIC SCHOOLS,0,349000
1,1,690,13,27986.84686,0.02,Condo/Townhome,1,FAIRFAX COUNTY PUBLIC SCHOOLS,1,269900
3,4,2677,40,27395.39974,0.06,Condo/Townhome,3,FAIRFAX COUNTY PUBLIC SCHOOLS,1,575000
2,3,1372,16,29039.44801,0,Condo/Townhome,2,FAIRFAX COUNTY PUBLIC SCHOOLS,2,499900
4,3,3506,30,28087.24281,0.33,Single Family,3,FAIRFAX COUNTY PUBLIC SCHOOLS,2,849900
4,5,3894,48,29185.8178,1.22,Single Family,3,FAIRFAX COUNTY PUBLIC SCHOOLS,0,799000
5,4,2654,45,29187.82832,0.36,Single Family,3,FAIRFAX COUNTY PUBLIC SCHOOLS,2,649900
3,4,2104,21,27525.13269,0.04,Condo/Townhome,3,FAIRFAX COUNTY PUBLIC SCHOOLS,2,649000
4,4,2821,50,26263.08096,0.36,Single Family,3,FAIRFAX COUNTY PUBLIC SCHOOLS,2,630000
3,3,2162,39,26519.43907,0.06,Condo/Townhome,3,FAIRFAX COUNTY PUBLIC SCHOOLS,0,525000
2,1,821,16,29039.44801,0,Condo/Townhome,1,FAIRFAX COUNTY PUBLIC SCHOOLS,2,314900
1,1,759,14,28325.2867,0.02,Condo/Townhome,1,FAIRFAX COUNTY PUBLIC SCHOOLS,1,319900
3,3,2626,22,28282.49395,0.7,Single Family,2,FAIRFAX COUNTY PUBLIC SCHOOLS,2,791000
4,4,2750,29,28040.70444,0.05,Condo/Townhome,3,FAIRFAX COUNTY PUBLIC SCHOOLS,1,725000
5,3,3136,41,25185.16724,0.46,Single Family,3,FAIRFAX COUNTY PUBLIC SCHOOLS,2,799000
2,2,816,36,26390.25177,0.02,Condo/Townhome,2,FAIRFAX COUNTY PUBLIC SCHOOLS,0,319900
6,7,8112,30,26478.16796,0.35,Single Family,3,FAIRFAX COUNTY PUBLIC SCHOOLS,2,1397500
4,4,2038,42,26354.95485,0.05,Condo/Townhome,3,FAIRFAX COUNTY PUBLIC SCHOOLS,2,619900
3,4,1820,35,29634.69779,0.03,Condo/Townhome,3,FAIRFAX COUNTY PUBLIC SCHOOLS,2,385000
2,2,1421,12,28971.13038,0,Condo/Townhome,1,FAIRFAX COUNTY PUBLIC SCHOOLS,2,630000
6,5,5623,30,27145.60538,0.35,Single Family,3,FAIRFAX COUNTY PUBLIC SCHOOLS,2,1049000
5,5,5176,25,28418.99581,0.47,Single Family,3,FAIRFAX COUNTY PUBLIC SCHOOLS,2,979000
3,2,1426,17,28257.51551,0,Condo/Townhome,1,FAIRFAX COUNTY PUBLIC SCHOOLS,1,550000
3,4,1732,26,28453.61905,0.04,Condo/Townhome,3,FAIRFAX COUNTY PUBLIC SCHOOLS,1,549000
4,5,3234,31,28120.08545,0.34,Single Family,3,FAIRFAX COUNTY PUBLIC SCHOOLS,2,949900
3,4,2365,21,29409.16324,0.04,Condo/Townhome,3,FAIRFAX COUNTY PUBLIC SCHOOLS,2,849000
3,4,1400,47,27969.69142,0.03,Condo/Townhome,3,FAIRFAX COUNTY PUBLIC SCHOOLS,0,419900
1,1,691,16,29039.44801,0,Condo/Townhome,1,FAIRFAX COUNTY PUBLIC SCHOOLS,1,267000
2,2,1222,42,27654.32629,0,Condo/Townhome,1,FAIRFAX COUNTY PUBLIC SCHOOLS,0,264900
3,3,1330,34,28788.61693,0.02,Condo/Townhome,3,FAIRFAX COUNTY PUBLIC SCHOOLS,0,325000
4,4,2190,41,26382.83519,0.06,Condo/Townhome,3,FAIRFAX COUNTY PUBLIC SCHOOLS,2,777000
2,4,2496,19,29131.75422,0.06,Condo/Townhome,3,FAIRFAX COUNTY PUBLIC SCHOOLS,2,829900
2,2,1392,34,28653.34312,0,Condo/Townhome,2,FAIRFAX COUNTY PUBLIC SCHOOLS,0,265000
6,4,2400,47,27052.37145,0.14,Single Family,3,FAIRFAX COUNTY PUBLIC SCHOOLS,0,510000
6,6,5779,31,27945.88714,0.46,Single Family,3,FAIRFAX COUNTY PUBLIC SCHOOLS,2,1158000
3,3,1708,16,29039.44801,0,Condo/Townhome,2,FAIRFAX COUNTY PUBLIC SCHOOLS,3,699900
4,5,2775,1,27793.83387,0.03,Condo/Townhome,3,FAIRFAX COUNTY PUBLIC SCHOOLS,0,945900
3,3,2629,34,25439.06854,0.11,Single Family,2,FAIRFAX COUNTY PUBLIC SCHOOLS,2,650000
4,4,2055,50,27737.43396,0.03,Condo/Townhome,3,FAIRFAX COUNTY PUBLIC SCHOOLS,0,515000
3,5,3075,1,27800.17007,0.03,Condo/Townhome,3,FAIRFAX COUNTY PUBLIC SCHOOLS,2,974900
3,4,2178,21,27625.63761,0.06,Condo/Townhome,3,FAIRFAX COUNTY PUBLIC SCHOOLS,2,658500
5,5,7408,23,29776.29796,0.69,Single Family,3,FAIRFAX COUNTY PUBLIC SCHOOLS,2,1200000
3,5,2805,1,27831.28917,0.03,Condo/Townhome,3,FAIRFAX COUNTY PUBLIC SCHOOLS,2,949900
5,4,4026,18,20726.47363,0.47,Single Family,3,FAIRFAX COUNTY PUBLIC SCHOOLS,2,899000
4,4,3176,18,17820.94243,0.1,Single Family,3,FAIRFAX COUNTY PUBLIC SCHOOLS,2,849999
4,3,1964,55,24388.98752,0.51,Single Family,2,FAIRFAX COUNTY PUBLIC SCHOOLS,0,650000
5,2,2402,65,22268.88527,0.26,Single Family,2,FAIRFAX COUNTY PUBLIC SCHOOLS,0,599000
3,4,2406,17,29560.79017,0.06,Condo/Townhome,3,FAIRFAX COUNTY PUBLIC SCHOOLS,2,589900
4,3,2100,50,24260.78686,0.28,Single Family,2,FAIRFAX COUNTY PUBLIC SCHOOLS,0,550000
4,3,2039,48,30693.42281,0.27,Single Family,2,FAIRFAX COUNTY PUBLIC SCHOOLS,2,549900
3,4,1990,50,20231.93752,0.03,Condo/Townhome,3,FAIRFAX COUNTY PUBLIC SCHOOLS,0,549000
3,4,2514,23,27659.79381,0.03,Condo/Townhome,3,FAIRFAX COUNTY PUBLIC SCHOOLS,0,535000
3,4,1440,44,20161.37531,0.04,Condo/Townhome,3,FAIRFAX COUNTY PUBLIC SCHOOLS,0,475000
2,3,2208,31,28738.14784,0.05,Condo/Townhome,2,FAIRFAX COUNTY PUBLIC SCHOOLS,0,450000
1,1,736,22,30753.37384,0,Condo/Townhome,1,FAIRFAX COUNTY PUBLIC SCHOOLS,1,249999
4,4,3322,17,22825.4924,0.26,Single Family,3,FAIRFAX COUNTY PUBLIC SCHOOLS,2,850000
4,4,4306,31,31717.25238,0.39,Single Family,3,FAIRFAX COUNTY PUBLIC SCHOOLS,2,807500
4,3,3099,68,20246.86602,0.61,Single Family,2,FAIRFAX COUNTY PUBLIC SCHOOLS,2,749888
3,4,2648,35,21630.91548,0.14,Single Family,3,FAIRFAX COUNTY PUBLIC SCHOOLS,1,670000
4,3,2418,54,22216.67045,0.24,Single Family,3,FAIRFAX COUNTY PUBLIC SCHOOLS,0,634888
4,3,1409,43,25401.59414,0.23,Single Family,3,FAIRFAX COUNTY PUBLIC SCHOOLS,1,619000
4,3,2400,50,24000.21543,0.28,Single Family,2,FAIRFAX COUNTY PUBLIC SCHOOLS,0,544000
4,4,1472,52,22021.59277,0.05,Condo/Townhome,3,FAIRFAX COUNTY PUBLIC SCHOOLS,0,499900
4,4,1983,30,29183.24443,0.05,Condo/Townhome,3,FAIRFAX COUNTY PUBLIC SCHOOLS,0,465000
4,2,1532,64,25057.71968,0.21,Single Family,2,FAIRFAX COUNTY PUBLIC SCHOOLS,0,380000
3,4,1887,40,22680.27662,0.03,Condo/Townhome,3,FAIRFAX COUNTY PUBLIC SCHOOLS,0,380000
4,5,6246,0,23473.29436,5,Single Family,3,FAIRFAX COUNTY PUBLIC SCHOOLS,3,1499990
4,5,5469,0,23473.29436,5,Single Family,3,FAIRFAX COUNTY PUBLIC SCHOOLS,3,1399990
4,4,5217,0,23473.29436,5,Single Family,3,FAIRFAX COUNTY PUBLIC SCHOOLS,3,1349990
5,5,2974,4,24577.33864,0.1,Single Family,3,FAIRFAX COUNTY PUBLIC SCHOOLS,2,1200000
5,7,8025,15,28620.15316,5.14,Single Family,3,FAIRFAX COUNTY PUBLIC SCHOOLS,3,1145000
5,5,4500,15,19767.6585,0.15,Single Family,3,FAIRFAX COUNTY PUBLIC SCHOOLS,2,909000
4,5,4612,15,19953.27125,0.14,Single Family,3,FAIRFAX COUNTY PUBLIC SCHOOLS,2,860000
4,2,2578,50,18461.54645,0.24,Single Family,1,FAIRFAX COUNTY PUBLIC SCHOOLS,2,765000
4,3,2197,45,20915.69328,0.35,Single Family,3,FAIRFAX COUNTY PUBLIC SCHOOLS,2,749900
4,3,2100,62,21876.45868,0.31,Single Family,3,FAIRFAX COUNTY PUBLIC SCHOOLS,0,650000
4,4,2464,35,27003.01147,0.21,Single Family,3,FAIRFAX COUNTY PUBLIC SCHOOLS,2,649000
4,3,2109,48,24128.88514,0.31,Single Family,3,FAIRFAX COUNTY PUBLIC SCHOOLS,1,585000
4,2,1992,54,21953.26849,0.3,Single Family,2,FAIRFAX COUNTY PUBLIC SCHOOLS,0,549888
3,2,2003,48,31821.97173,0.29,Single Family,1,FAIRFAX COUNTY PUBLIC SCHOOLS,0,525000
3,2,1152,69,25781.29549,0.23,Single Family,2,FAIRFAX COUNTY PUBLIC SCHOOLS,0,485000
3,4,1820,33,31911.99766,0.03,Condo/Townhome,3,FAIRFAX COUNTY PUBLIC SCHOOLS,2,390000
3,3,1687,22,30760.33517,0,Condo/Townhome,3,FAIRFAX COUNTY PUBLIC SCHOOLS,1,389900
4,3,3308,0,27149.08789,1,Single Family,3,FAIRFAX COUNTY PUBLIC SCHOOLS,2,1019990
4,3,3309,0,27149.08789,1,Single Family,3,FAIRFAX COUNTY PUBLIC SCHOOLS,3,999990
5,5,3801,30,28295.50344,0.12,Single Family,3,FAIRFAX COUNTY PUBLIC SCHOOLS,2,820000
6,5,6704,17,31681.37888,0.31,Single Family,3,FAIRFAX COUNTY PUBLIC SCHOOLS,2,999000
4,6,5420,11,18750.28981,0.09,Single Family,3,FAIRFAX COUNTY PUBLIC SCHOOLS,2,879000
3,4,1820,33,32495.76198,0.03,Condo/Townhome,3,FAIRFAX COUNTY PUBLIC SCHOOLS,0,412000
4,3,2300,43,22946.19204,0.52,Single Family,3,FAIRFAX COUNTY PUBLIC SCHOOLS,0,697000
3,4,3089,30,23950.96985,0.05,Condo/Townhome,3,FAIRFAX COUNTY PUBLIC SCHOOLS,2,689000
5,5,3619,31,31016.47664,0.35,Single Family,3,FAIRFAX COUNTY PUBLIC SCHOOLS,2,884900
3,3,2489,23,29372.83595,0.06,Condo/Townhome,3,FAIRFAX COUNTY PUBLIC SCHOOLS,2,600000
4,2,2576,64,22980.26383,0.26,Single Family,2,FAIRFAX COUNTY PUBLIC SCHOOLS,2,575000
4,2,2112,65,25095.72556,0.24,Single Family,2,FAIRFAX COUNTY PUBLIC SCHOOLS,0,544500
4,4,3374,45,20981.24924,0.35,Single Family,3,FAIRFAX COUNTY PUBLIC SCHOOLS,2,849000
4,4,3560,35,22764.98767,0.25,Single Family,3,FAIRFAX COUNTY PUBLIC SCHOOLS,2,823000
5,3,2505,59,19820.59451,0.53,Single Family,2,FAIRFAX COUNTY PUBLIC SCHOOLS,2,800000
3,5,3404,63,29201.55011,1.01,Single Family,3,FAIRFAX COUNTY PUBLIC SCHOOLS,2,799900
4,3,2200,45,21080.60504,0.42,Single Family,2,FAIRFAX COUNTY PUBLIC SCHOOLS,1,775000
4,3,2485,64,20033.32875,0.5,Single Family,2,FAIRFAX COUNTY PUBLIC SCHOOLS,1,749000
5,4,3419,39,22946.79643,0.35,Single Family,3,FAIRFAX COUNTY PUBLIC SCHOOLS,2,734900
6,4,2680,41,29778.27861,0.82,Single Family,3,FAIRFAX COUNTY PUBLIC SCHOOLS,2,729000
3,4,1942,7,20502.54343,0.02,Condo/Townhome,3,FAIRFAX COUNTY PUBLIC SCHOOLS,2,727000
4,4,2789,39,29696.39765,0.59,Single Family,2,FAIRFAX COUNTY PUBLIC SCHOOLS,2,725000
4,3,2102,35,26787.58846,0.27,Single Family,3,FAIRFAX COUNTY PUBLIC SCHOOLS,2,719000
4,3,3121,38,29251.68812,0.2,Single Family,3,FAIRFAX COUNTY PUBLIC SCHOOLS,2,684900
5,3,1652,65,22831.49354,0.28,Single Family,2,FAIRFAX COUNTY PUBLIC SCHOOLS,1,675000
4,3,1738,48,26688.40853,0.35,Single Family,2,FAIRFAX COUNTY PUBLIC SCHOOLS,2,635000
3,3,1936,21,29752.60146,0.05,Condo/Townhome,3,FAIRFAX COUNTY PUBLIC SCHOOLS,2,599900
3,4,2460,23,27055.03834,0.04,Condo/Townhome,3,FAIRFAX COUNTY PUBLIC SCHOOLS,1,580000
4,4,1600,10,29708.93136,0.03,Condo/Townhome,3,FAIRFAX COUNTY PUBLIC SCHOOLS,2,559999
3,3,1458,35,31750.34081,0.34,Single Family,3,FAIRFAX COUNTY PUBLIC SCHOOLS,2,557000
3,4,2422,33,29761.33425,0.06,Condo/Townhome,3,FAIRFAX COUNTY PUBLIC SCHOOLS,0,485000
3,3,2080,64,23162.52642,0.23,Single Family,2,FAIRFAX COUNTY PUBLIC SCHOOLS,0,430000
3,4,1715,34,25305.57551,0.03,Condo/Townhome,2,FAIRFAX COUNTY PUBLIC SCHOOLS,0,425000
4,4,3111,0,22181.01268,0.17,Single Family,3,FAIRFAX COUNTY PUBLIC SCHOOLS,2,949990
5,5,4700,30,31102.73517,0.3,Single Family,3,FAIRFAX COUNTY PUBLIC SCHOOLS,2,900000
5,4,3012,33,27625.01169,0.7,Single Family,3,FAIRFAX COUNTY PUBLIC SCHOOLS,2,829900
3,4,4074,15,30561.66773,0.09,Condo/Townhome,3,FAIRFAX COUNTY PUBLIC SCHOOLS,2,824990
6,4,3322,40,19154.54658,0.5,Single Family,2,FAIRFAX COUNTY PUBLIC SCHOOLS,2,819000
4,4,2431,7,24017.62597,0.03,Condo/Townhome,3,FAIRFAX COUNTY PUBLIC SCHOOLS,2,770000
4,4,2770,23,30858.07259,0.12,Single Family,3,FAIRFAX COUNTY PUBLIC SCHOOLS,2,769900
3,4,1670,7,17244.33754,0.02,Condo/Townhome,3,FAIRFAX COUNTY PUBLIC SCHOOLS,2,765000
4,4,3132,33,32660.1176,0.27,Single Family,3,FAIRFAX COUNTY PUBLIC SCHOOLS,2,685000
4,3,2722,66,22183.85186,0.63,Single Family,1,FAIRFAX COUNTY PUBLIC SCHOOLS,0,667500
4,3,2320,56,23329.69452,0.25,Single Family,2,FAIRFAX COUNTY PUBLIC SCHOOLS,3,635000
4,4,2428,42,22038.04944,0.22,Single Family,3,FAIRFAX COUNTY PUBLIC SCHOOLS,2,634888
4,3,1300,35,26720.21461,0.31,Single Family,2,FAIRFAX COUNTY PUBLIC SCHOOLS,2,609900
4,2,2132,54,21826.17072,0.27,Single Family,2,FAIRFAX COUNTY PUBLIC SCHOOLS,0,579000
3,4,2400,17,27157.91557,0.04,Condo/Townhome,3,FAIRFAX COUNTY PUBLIC SCHOOLS,1,535000
3,4,1464,17,27237.48391,0.03,Condo/Townhome,3,FAIRFAX COUNTY PUBLIC SCHOOLS,1,535000
3,4,1232,48,21169.29019,0.05,Condo/Townhome,3,FAIRFAX COUNTY PUBLIC SCHOOLS,0,470000
2,3,1386,33,20885.85858,0.05,Condo/Townhome,3,FAIRFAX COUNTY PUBLIC SCHOOLS,0,462500
2,4,1750,31,28811.54472,0.05,Condo/Townhome,3,FAIRFAX COUNTY PUBLIC SCHOOLS,0,435000
2,3,1320,30,32176.36509,0.05,Condo/Townhome,3,FAIRFAX COUNTY PUBLIC SCHOOLS,0,410000
3,4,1280,33,25305.44117,0.03,Condo/Townhome,3,FAIRFAX COUNTY PUBLIC SCHOOLS,0,406000
2,2,997,46,19574.34859,0.08,Condo/Townhome,1,FAIRFAX COUNTY PUBLIC SCHOOLS,1,334900
5,6,6394,6,30935.24401,1.23,Single Family,3,FAIRFAX COUNTY PUBLIC SCHOOLS,2,1199000
4,5,3916,15,19701.60078,0.15,Single Family,3,FAIRFAX COUNTY PUBLIC SCHOOLS,2,979900
4,3,2996,38,24230.80538,0.2,Condo/Townhome,2.5,FAIRFAX COUNTY PUBLIC SCHOOLS,2,859900
4,2,3078,65,22587.38093,0.3,Single Family,2,FAIRFAX COUNTY PUBLIC SCHOOLS,0,599000
3,4,2170,17,27148.27331,0.04,Condo/Townhome,3,FAIRFAX COUNTY PUBLIC SCHOOLS,1,533555
3,2,1380,68,23571.03961,0.26,Single Family,2,FAIRFAX COUNTY PUBLIC SCHOOLS,4,475000
3,2,1380,60,24126.61822,0.24,Single Family,3,FAIRFAX COUNTY PUBLIC SCHOOLS,2,459000
5,5,4084,0,23251.31055,0.32,Single Family,3,FAIRFAX COUNTY PUBLIC SCHOOLS,2,879888
5,5,4084,0,23267.59726,0.32,Single Family,3,FAIRFAX COUNTY PUBLIC SCHOOLS,2,879888
5,4,1868,39,21547.61387,0.28,Single Family,3,FAIRFAX COUNTY PUBLIC SCHOOLS,1,675000
3,2,3324,17,30643.24335,1.06,Single Family,3,FAIRFAX COUNTY PUBLIC SCHOOLS,2,675000
4,3,2231,51,30752.31984,0.26,Single Family,2,FAIRFAX COUNTY PUBLIC SCHOOLS,2,584900
2,3,2028,32,29337.84722,0.07,Condo/Townhome,3,FAIRFAX COUNTY PUBLIC SCHOOLS,1,439900
2,2,1128,17,27344.75754,0,Condo/Townhome,2,FAIRFAX COUNTY PUBLIC SCHOOLS,1,350000
4,4,3843,37,19529.09882,0.26,Single Family,3,FAIRFAX COUNTY PUBLIC SCHOOLS,2,875000
5,3,2475,56,22364.45148,0.45,Single Family,3,FAIRFAX COUNTY PUBLIC SCHOOLS,4,597500
4,2,2174,57,26113.32878,0.28,Single Family,2,FAIRFAX COUNTY PUBLIC SCHOOLS,0,499000
2,3,1670,23,29401.0265,0.03,Condo/Townhome,3,FAIRFAX COUNTY PUBLIC SCHOOLS,0,429900
3,4,2306,47,20222.21213,0.04,Condo/Townhome,3,FAIRFAX COUNTY PUBLIC SCHOOLS,1,525000
3,3,1393,59,25643.2261,0.24,Single Family,3,FAIRFAX COUNTY PUBLIC SCHOOLS,0,493000
5,4,3650,0,22552.57566,0.39,Single Family,3,FAIRFAX COUNTY PUBLIC SCHOOLS,2,1264900
4,5,5800,14,19648.69659,0.38,Single Family,3,FAIRFAX COUNTY PUBLIC SCHOOLS,2,1200000
6,7,8238,14,31630.4352,0.36,Single Family,3,FAIRFAX COUNTY PUBLIC SCHOOLS,2,1099000
4,4,3610,0,22181.01268,0.13,Single Family,3,FAIRFAX COUNTY PUBLIC SCHOOLS,2,1084990
4,3,2106,35,21855.19562,0.22,Single Family,2,FAIRFAX COUNTY PUBLIC SCHOOLS,2,787500
5,5,3917,17,26675.52312,0.09,Single Family,3,FAIRFAX COUNTY PUBLIC SCHOOLS,2,760000
4,3,2234,47,26499.76167,0.24,Single Family,3,FAIRFAX COUNTY PUBLIC SCHOOLS,2,660000
4,3,2220,40,26427.3747,0.26,Single Family,3,FAIRFAX COUNTY PUBLIC SCHOOLS,2,659900
4,4,2889,43,25422.46369,0.19,Single Family,3,FAIRFAX COUNTY PUBLIC SCHOOLS,1,649000
4,3,2484,61,21704.00189,0.29,Single Family,2,FAIRFAX COUNTY PUBLIC SCHOOLS,0,609000
4,3,2526,49,23894.17019,0.29,Single Family,2,FAIRFAX COUNTY PUBLIC SCHOOLS,0,599000
3,4,2364,21,29805.19887,0.05,Condo/Townhome,3,FAIRFAX COUNTY PUBLIC SCHOOLS,2,590000
3,2,1965,65,23210.72419,0.36,Single Family,1,FAIRFAX COUNTY PUBLIC SCHOOLS,2,574999
3,4,1280,35,28538.04897,0.03,Condo/Townhome,3,FAIRFAX COUNTY PUBLIC SCHOOLS,2,414900
5,4,4972,10,19148.16564,0.64,Single Family,2,FAIRFAX COUNTY PUBLIC SCHOOLS,2,1199900
4,4,3584,0,22181.01268,0.13,Single Family,3,FAIRFAX COUNTY PUBLIC SCHOOLS,2,1094990
4,4,4500,24,24537.979,0.25,Single Family,3,FAIRFAX COUNTY PUBLIC SCHOOLS,2,879000
4,5,3774,13,30436.17394,0.08,Condo/Townhome,3,FAIRFAX COUNTY PUBLIC SCHOOLS,2,815000
4,4,3474,42,19703.49081,0.25,Single Family,3,FAIRFAX COUNTY PUBLIC SCHOOLS,2,799800
4,4,2435,49,21082.68852,0.36,Single Family,3,FAIRFAX COUNTY PUBLIC SCHOOLS,2,750000
4,4,2426,17,27472.24362,0.06,Condo/Townhome,3,FAIRFAX COUNTY PUBLIC SCHOOLS,2,675000
4,3,1926,47,24605.36762,0.28,Single Family,3,FAIRFAX COUNTY PUBLIC SCHOOLS,4,614900
3,4,2118,23,29398.93624,0.04,Condo/Townhome,3,FAIRFAX COUNTY PUBLIC SCHOOLS,1,544888
3,3,1464,46,25582.13247,0.27,Single Family,1,FAIRFAX COUNTY PUBLIC SCHOOLS,2,535000
4,4,1686,34,30430.15366,0.04,Condo/Townhome,3,FAIRFAX COUNTY PUBLIC SCHOOLS,0,480000
3,3,2216,13,29082.06346,0,Condo/Townhome,3,FAIRFAX COUNTY PUBLIC SCHOOLS,1,439990
4,4,2562,40,28788.95265,0.48,Single Family,3,FAIRFAX COUNTY PUBLIC SCHOOLS,2,764000
3,3,1452,47,20895.20652,0.06,Condo/Townhome,3,FAIRFAX COUNTY PUBLIC SCHOOLS,1,499900
7,6,6000,0,20654.24661,0.5,Single Family,3,FAIRFAX COUNTY PUBLIC SCHOOLS,3,1550000
5,6,5976,15,31303.84898,0.25,Single Family,3,FAIRFAX COUNTY PUBLIC SCHOOLS,2,900000
4,3,2480,55,20630.22264,0.6,Single Family,2,FAIRFAX COUNTY PUBLIC SCHOOLS,2,750000
4,4,2149,39,23530.3121,0.24,Single Family,3,FAIRFAX COUNTY PUBLIC SCHOOLS,2,729000
4,3,2081,43,26654.47653,0.23,Single Family,3,FAIRFAX COUNTY PUBLIC SCHOOLS,0,619900
3,4,1674,31,28101.53244,0.06,Condo/Townhome,3,FAIRFAX COUNTY PUBLIC SCHOOLS,1,547000
3,3,1456,42,19510.09714,0.04,Condo/Townhome,3,FAIRFAX COUNTY PUBLIC SCHOOLS,0,434000
3,4,1610,6,17299.01645,0.02,Condo/Townhome,3,FAIRFAX COUNTY PUBLIC SCHOOLS,1,769900
3,4,2600,21,29603.64983,0.07,Condo/Townhome,3,FAIRFAX COUNTY PUBLIC SCHOOLS,2,589999
3,3,1456,42,19478.50824,0.04,Condo/Townhome,3,FAIRFAX COUNTY PUBLIC SCHOOLS,0,439987
3,3,1687,22,30689.38466,0,Single Family,2,FAIRFAX COUNTY PUBLIC SCHOOLS,1,392999
4,5,3125,48,24356.23888,0.3,Single Family,3,FAIRFAX COUNTY PUBLIC SCHOOLS,1,749500
4,3,2090,46,24502.50677,0.25,Single Family,2,FAIRFAX COUNTY PUBLIC SCHOOLS,2,575000
5,7,7875,17,16771.21159,1.18,Single Family,3,FAIRFAX COUNTY PUBLIC SCHOOLS,3,1965000
4,3,2520,56,19565.21177,0.53,Single Family,1,FAIRFAX COUNTY PUBLIC SCHOOLS,2,667000
6,5,3447,51,31448.32726,0.22,Single Family,2,FAIRFAX COUNTY PUBLIC SCHOOLS,2,649900
4,3,2430,49,23603.87846,0.26,Single Family,3,FAIRFAX COUNTY PUBLIC SCHOOLS,0,615000
3,4,1908,50,20168.63142,0.04,Condo/Townhome,3,FAIRFAX COUNTY PUBLIC SCHOOLS,0,545000
3,2,1785,69,25511.82906,0.19,Single Family,2.5,FAIRFAX COUNTY PUBLIC SCHOOLS,1,524900
4,2,1512,51,30589.13014,0.23,Single Family,2,FAIRFAX COUNTY PUBLIC SCHOOLS,1,495000
3,4,1452,41,24599.10868,0.04,Condo/Townhome,3,FAIRFAX COUNTY PUBLIC SCHOOLS,0,430000
3,2,1307,14,28974.17939,0,Condo/Townhome,1,FAIRFAX COUNTY PUBLIC SCHOOLS,2,359900
4,5,5256,31,29097.96796,0.84,Single Family,3,FAIRFAX COUNTY PUBLIC SCHOOLS,2,1095000
4,4,5302,22,30461.19794,0.33,Single Family,3,FAIRFAX COUNTY PUBLIC SCHOOLS,3,994900
4,5,5984,15,30616.85671,0.1,Condo/Townhome,3,FAIRFAX COUNTY PUBLIC SCHOOLS,2,849900
4,5,5272,31,31576.40443,0.3,Single Family,3,FAIRFAX COUNTY PUBLIC SCHOOLS,2,799900
4,4,3044,33,25250.96724,0.22,Single Family,3,FAIRFAX COUNTY PUBLIC SCHOOLS,2,789000
4,4,2934,34,26977.28309,0.28,Single Family,3,FAIRFAX COUNTY PUBLIC SCHOOLS,2,715000
4,4,2670,42,29936.27528,0.46,Single Family,3,FAIRFAX COUNTY PUBLIC SCHOOLS,2,695000
4,4,2539,35,32601.86533,0.35,Single Family,3,FAIRFAX COUNTY PUBLIC SCHOOLS,2,674900
5,3,2400,51,21785.95778,0.25,Single Family,2,FAIRFAX COUNTY PUBLIC SCHOOLS,1,627900
5,3,2774,52,26234.84717,0.36,Single Family,2,FAIRFAX COUNTY PUBLIC SCHOOLS,0,619888
4,3,2186,54,21232.6358,0.24,Single Family,2,FAIRFAX COUNTY PUBLIC SCHOOLS,0,594888
4,3,2266,50,30795.70296,0.2,Single Family,2,FAIRFAX COUNTY PUBLIC SCHOOLS,1,549900
4,2,1499,63,23810.5682,0.27,Single Family,3,FAIRFAX COUNTY PUBLIC SCHOOLS,0,549888
5,2,1108,42,21938.3479,0.25,Single Family,3,FAIRFAX COUNTY PUBLIC SCHOOLS,1,545000
4,3,1955,60,24258.40534,0.23,Single Family,3,FAIRFAX COUNTY PUBLIC SCHOOLS,0,525000
4,2,2450,57,26094.12411,0.32,Single Family,3,FAIRFAX COUNTY PUBLIC SCHOOLS,2,524900
3,2,1535,48,31558.54719,0.23,Single Family,1,FAIRFAX COUNTY PUBLIC SCHOOLS,2,515000
3,3,1600,40,19290.42673,0.04,Condo/Townhome,3,FAIRFAX COUNTY PUBLIC SCHOOLS,0,449900
3,3,1566,13,29098.02822,0,Condo/Townhome,2,FAIRFAX COUNTY PUBLIC SCHOOLS,1,398000
3,4,3486,23,21124.458,0.08,Single Family,3,FAIRFAX COUNTY PUBLIC SCHOOLS,2,799888
3,2,2312,67,25108.60731,0.21,Single Family,2,FAIRFAX COUNTY PUBLIC SCHOOLS,0,430000
4,5,5032,9,30511.36629,0.1,Condo/Townhome,3,FAIRFAX COUNTY PUBLIC SCHOOLS,2,925000
4,3,2109,39,24067.4424,0.22,Single Family,3,FAIRFAX COUNTY PUBLIC SCHOOLS,1,649900
4,5,2396,11,28778.63586,0.03,Condo/Townhome,3,FAIRFAX COUNTY PUBLIC SCHOOLS,2,625000
3,4,1920,16,30346.45494,0.05,Condo/Townhome,3,FAIRFAX COUNTY PUBLIC SCHOOLS,2,599900
3,5,1532,8,20449.64584,0.02,Condo/Townhome,3,FAIRFAX COUNTY PUBLIC SCHOOLS,1,650000
5,3,1360,55,21345.44745,0.24,Single Family,3,FAIRFAX COUNTY PUBLIC SCHOOLS,1,575000
6,3,2056,67,23751.43092,0.19,Single Family,2,FAIRFAX COUNTY PUBLIC SCHOOLS,0,525000
3,2,1060,68,24818.34284,0.22,Single Family,1,FAIRFAX COUNTY PUBLIC SCHOOLS,0,425000
3,3,1687,22,30753.37384,0,Condo/Townhome,3,FAIRFAX COUNTY PUBLIC SCHOOLS,1,388500
5,5,3503,9,31511.86505,0.41,Single Family,3,FAIRFAX COUNTY PUBLIC SCHOOLS,2,1150000
3,4,1920,20,29607.86747,0.05,Condo/Townhome,3,FAIRFAX COUNTY PUBLIC SCHOOLS,2,555000
4,5,6065,18,30260.116,0.91,Single Family,3,FAIRFAX COUNTY PUBLIC SCHOOLS,3,1299000
5,5,5719,15,20930.55036,0.2,Single Family,3,FAIRFAX COUNTY PUBLIC SCHOOLS,3,1250000
3,5,3408,54,19647.59168,1.16,Single Family,2,FAIRFAX COUNTY PUBLIC SCHOOLS,3,1100000
3,4,2750,5,24879.84614,0.05,Condo/Townhome,3,FAIRFAX COUNTY PUBLIC SCHOOLS,2,759000
4,2,2390,63,27656.71045,0.99,Single Family,3,FAIRFAX COUNTY PUBLIC SCHOOLS,2,699900
3,5,2477,5,26839.08772,0.05,Condo/Townhome,3,FAIRFAX COUNTY PUBLIC SCHOOLS,2,684900
4,4,2975,37,29330.57253,0.2,Single Family,3,FAIRFAX COUNTY PUBLIC SCHOOLS,2,678800
4,3,2434,32,31829.31849,0.31,Single Family,3,FAIRFAX COUNTY PUBLIC SCHOOLS,2,660000
4,4,2592,56,22929.91715,0.26,Single Family,3,FAIRFAX COUNTY PUBLIC SCHOOLS,1,650000
4,3,2273,48,24115.2541,0.25,Single Family,3,FAIRFAX COUNTY PUBLIC SCHOOLS,0,609990
4,3,1878,50,25301.30813,0.35,Single Family,3,FAIRFAX COUNTY PUBLIC SCHOOLS,0,599000
4,3,2617,49,31979.10673,0.25,Single Family,2,FAIRFAX COUNTY PUBLIC SCHOOLS,1,589000
4,2,1950,50,31005.06937,0.28,Single Family,1,FAIRFAX COUNTY PUBLIC SCHOOLS,2,544000
4,2,1932,51,31886.80697,0.2,Single Family,2,FAIRFAX COUNTY PUBLIC SCHOOLS,1,535000
3,3,1490,64,25459.69754,0.26,Single Family,3,FAIRFAX COUNTY PUBLIC SCHOOLS,1,529900
3,4,1600,28,30425.55726,0.04,Condo/Townhome,3,FAIRFAX COUNTY PUBLIC SCHOOLS,1,510000
4,4,2284,42,24225.10966,0.04,Condo/Townhome,3,FAIRFAX COUNTY PUBLIC SCHOOLS,0,499888
1,1,700,31,28580.79718,0,Condo/Townhome,1,FAIRFAX COUNTY PUBLIC SCHOOLS,0,214900
1,1,556,14,29069.39677,0,Condo/Townhome,1,FAIRFAX COUNTY PUBLIC SCHOOLS,1,199500
5,4,2473,40,27080.19205,0.53,Single Family,3,FAIRFAX COUNTY PUBLIC SCHOOLS,2,799999
5,3,2720,56,19635.18628,1.71,Single Family,3,FAIRFAX COUNTY PUBLIC SCHOOLS,2,765000
3,4,2100,18,18818.88628,0.07,Condo/Townhome,3,FAIRFAX COUNTY PUBLIC SCHOOLS,2,689950
4,4,2880,43,26194.74218,0.69,Single Family,3,FAIRFAX COUNTY PUBLIC SCHOOLS,2,685000
3,4,2572,30,24048.38277,0.09,Condo/Townhome,3,FAIRFAX COUNTY PUBLIC SCHOOLS,2,648000
4,3,2819,37,25016.34036,0.2,Single Family,3,FAIRFAX COUNTY PUBLIC SCHOOLS,1,644900
4,2,2127,43,23640.64578,0.31,Single Family,3,FAIRFAX COUNTY PUBLIC SCHOOLS,0,589888
4,2,2068,36,25549.40177,0.21,Single Family,2,FAIRFAX COUNTY PUBLIC SCHOOLS,0,540000
3,4,1600,9,28820.36547,0.02,Condo/Townhome,3,FAIRFAX COUNTY PUBLIC SCHOOLS,2,525000
3,3,1895,59,26123.78698,0.27,Single Family,3,FAIRFAX COUNTY PUBLIC SCHOOLS,0,499990
3,3,1056,43,19309.98234,0.04,Condo/Townhome,3,FAIRFAX COUNTY PUBLIC SCHOOLS,0,415000
6,5,5410,0,11755.16259,0.25,Single Family,3,FAIRFAX COUNTY PUBLIC SCHOOLS,2,1650000
3,4,2935,0,17603.56011,0.04,Condo/Townhome,3,FAIRFAX COUNTY PUBLIC SCHOOLS,2,744175
3,4,3216,13,24829.20926,0.05,Condo/Townhome,3,FAIRFAX COUNTY PUBLIC SCHOOLS,2,675000
3,4,1888,36,26918.34086,0.17,Single Family,3,FAIRFAX COUNTY PUBLIC SCHOOLS,2,615000
4,3,1409,47,24412.96657,0.27,Single Family,3,FAIRFAX COUNTY PUBLIC SCHOOLS,1,609000
3,2,1764,70,15924.83934,0.24,Single Family,2,FAIRFAX COUNTY PUBLIC SCHOOLS,0,530000
3,4,1748,32,29512.1622,0.07,Condo/Townhome,3,FAIRFAX COUNTY PUBLIC SCHOOLS,1,500000
4,4,2198,48,26857.91682,0.25,Single Family,3,FAIRFAX COUNTY PUBLIC SCHOOLS,0,575000
4,3,1618,54,22564.89221,0.24,Single Family,3,FAIRFAX COUNTY PUBLIC SCHOOLS,1,649900
4,3,2592,52,22290.08965,0.25,Single Family,3,FAIRFAX COUNTY PUBLIC SCHOOLS,1,639900
2,2,1184,14,16892.19019,0,Condo/Townhome,2,FAIRFAX COUNTY PUBLIC SCHOOLS,2,499990
2,2,1242,22,30854.42345,0,Condo/Townhome,3,FAIRFAX COUNTY PUBLIC SCHOOLS,0,318000
4,5,4046,67,18629.23882,1,Single Family,2,FAIRFAX COUNTY PUBLIC SCHOOLS,2,948500
4,5,6603,14,20851.10767,0.24,Single Family,3,FAIRFAX COUNTY PUBLIC SCHOOLS,3,1299000
4,3,2200,31,29571.04137,0.03,Condo/Townhome,3,FAIRFAX COUNTY PUBLIC SCHOOLS,0,487300
3,4,1220,35,25680.79639,0.05,Condo/Townhome,3,FAIRFAX COUNTY PUBLIC SCHOOLS,0,439000
6,6,6085,13,31288.53372,0.83,Single Family,3,FAIRFAX COUNTY PUBLIC SCHOOLS,3,1475000
6,5,5292,15,18262.54648,0.72,Single Family,3,FAIRFAX COUNTY PUBLIC SCHOOLS,2,1099000
4,5,6416,16,27769.34018,0.31,Single Family,3,FAIRFAX COUNTY PUBLIC SCHOOLS,2,1069000
4,3,2574,57,20306.86976,0.25,Single Family,2,FAIRFAX COUNTY PUBLIC SCHOOLS,1,749999
3,4,2016,13,24775.63761,0.05,Condo/Townhome,3,FAIRFAX COUNTY PUBLIC SCHOOLS,2,659900
4,3,2516,36,24855.53531,0.74,Single Family,2,FAIRFAX COUNTY PUBLIC SCHOOLS,2,639990
3,2,1944,75,24059.87693,0.44,Single Family,2,FAIRFAX COUNTY PUBLIC SCHOOLS,1,595000
3,4,2205,21,29721.90417,0.05,Condo/Townhome,3,FAIRFAX COUNTY PUBLIC SCHOOLS,2,589900
3,4,2127,41,25120.10512,0.04,Condo/Townhome,3,FAIRFAX COUNTY PUBLIC SCHOOLS,0,469500
6,6,5314,8,28315.88748,0.23,Single Family,3,FAIRFAX COUNTY PUBLIC SCHOOLS,2,1050000
5,6,4901,23,25209.5477,1.14,Single Family,3,FAIRFAX COUNTY PUBLIC SCHOOLS,3,800000
4,4,3329,23,31875.98091,0.19,Single Family,3,FAIRFAX COUNTY PUBLIC SCHOOLS,2,720000
5,4,2187,41,24388.36368,0.3,Single Family,3,FAIRFAX COUNTY PUBLIC SCHOOLS,2,689000
4,3,1519,55,21088.40482,0.41,Single Family,2,FAIRFAX COUNTY PUBLIC SCHOOLS,0,629900
4,2,2372,64,22831.85434,0.26,Single Family,2,FAIRFAX COUNTY PUBLIC SCHOOLS,2,549000
2,3,1670,22,29547.47689,0.02,Condo/Townhome,3,FAIRFAX COUNTY PUBLIC SCHOOLS,1,419900
4,3,2377,42,27377.92832,0.46,Single Family,3,FAIRFAX COUNTY PUBLIC SCHOOLS,2,719900
4,4,2769,38,23105.53687,0.64,Single Family,3,FAIRFAX COUNTY PUBLIC SCHOOLS,2,699900
3,3,1886,33,21595.42365,0.13,Single Family,3,FAIRFAX COUNTY PUBLIC SCHOOLS,1,680000
4,4,2200,21,31067.34079,0.04,Condo/Townhome,3,FAIRFAX COUNTY PUBLIC SCHOOLS,2,599000
4,3,2672,65,24949.32868,0.44,Single Family,3,FAIRFAX COUNTY PUBLIC SCHOOLS,0,574980
4,4,3583,0,22825.93143,0.21,Single Family,3,FAIRFAX COUNTY PUBLIC SCHOOLS,2,990900
5,4,2550,19,19562.75092,0.19,Single Family,3,FAIRFAX COUNTY PUBLIC SCHOOLS,2,815000
5,5,3583,0,24267.6284,0.38,Single Family,3,FAIRFAX COUNTY PUBLIC SCHOOLS,2,1195000
4,4,2224,31,29747.59036,0.08,Condo/Townhome,3,FAIRFAX COUNTY PUBLIC SCHOOLS,3,495000
2,2,977,51,31329.82176,0,Condo/Townhome,1,PRINCE WILLIAM COUNTY PUBLIC SCHOOLS,0,169900
6,5,4100,0,22921.35032,0.47,Single Family,3,FAIRFAX COUNTY PUBLIC SCHOOLS,2,1103850
3,4,4077,39,21804.54903,0.12,Single Family,3,FAIRFAX COUNTY PUBLIC SCHOOLS,2,650000
4,5,4230,17,27378.50858,0.5,Single Family,3,FAIRFAX COUNTY PUBLIC SCHOOLS,2,1090000
3,4,1608,35,29960.46021,0.04,Condo/Townhome,3,FAIRFAX COUNTY PUBLIC SCHOOLS,1,485000
5,4,4650,0,22552.57566,0.39,Single Family,3,FAIRFAX COUNTY PUBLIC SCHOOLS,2,1354900
5,5,3420,20,23344.25788,0.17,Single Family,3,FAIRFAX COUNTY PUBLIC SCHOOLS,2,1089000
4,3,3590,58,19511.19825,1.08,Single Family,2,FAIRFAX COUNTY PUBLIC SCHOOLS,2,900000
4,4,4814,41,27386.34636,0.53,Single Family,3,FAIRFAX COUNTY PUBLIC SCHOOLS,2,799900
6,4,3812,63,24937.43693,0.2,Single Family,3,FAIRFAX COUNTY PUBLIC SCHOOLS,1,799000
5,3,2608,57,20568.35594,0.46,Single Family,2,FAIRFAX COUNTY PUBLIC SCHOOLS,2,775000
4,3,2016,37,25465.40547,0.18,Single Family,3,FAIRFAX COUNTY PUBLIC SCHOOLS,1,575000
4,4,1884,7,17278.5802,0.02,Condo/Townhome,3,FAIRFAX COUNTY PUBLIC SCHOOLS,2,850000
5,4,3768,67,22924.05471,0.75,Single Family,2,FAIRFAX COUNTY PUBLIC SCHOOLS,2,809900
4,3,2475,35,26800.38209,0.36,Single Family,3,FAIRFAX COUNTY PUBLIC SCHOOLS,2,729900
3,4,1986,41,19578.92618,0.04,Condo/Townhome,3,FAIRFAX COUNTY PUBLIC SCHOOLS,0,525000
3,4,1464,17,27216.75574,0.03,Condo/Townhome,3,FAIRFAX COUNTY PUBLIC SCHOOLS,1,525000
3,3,1438,21,29609.16687,0.04,Condo/Townhome,3,FAIRFAX COUNTY PUBLIC SCHOOLS,2,485000
5,5,3742,31,31373.31967,0.31,Single Family,3,FAIRFAX COUNTY PUBLIC SCHOOLS,2,789000
4,2,1875,65,25390.38553,0.19,Single Family,2,FAIRFAX COUNTY PUBLIC SCHOOLS,0,509900
3,3,1464,13,20964.28266,0,Condo/Townhome,1,FAIRFAX COUNTY PUBLIC SCHOOLS,0,499950
4,2,1875,66,25278.19632,0.24,Single Family,2,FAIRFAX COUNTY PUBLIC SCHOOLS,0,450000
4,3,2309,55,21161.34756,0.38,Single Family,2,FAIRFAX COUNTY PUBLIC SCHOOLS,0,569750
6,5,4759,19,23236.67826,0.15,Single Family,3,FAIRFAX COUNTY PUBLIC SCHOOLS,2,1050000
4,4,3856,19,32102.4147,0.41,Single Family,3,FAIRFAX COUNTY PUBLIC SCHOOLS,2,899990
3,2,2058,64,27817.05829,0.5,Single Family,2,FAIRFAX COUNTY PUBLIC SCHOOLS,0,524999
5,5,3852,6,15060.6593,0.83,Single Family,3,FAIRFAX COUNTY PUBLIC SCHOOLS,3,1599000
5,6,5264,10,23450.82533,1,Single Family,3,FAIRFAX COUNTY PUBLIC SCHOOLS,4,885000
4,3,2511,55,19326.75942,0.49,Single Family,3,FAIRFAX COUNTY PUBLIC SCHOOLS,1,810000
4,3,3196,47,22218.23078,0.26,Single Family,3,FAIRFAX COUNTY PUBLIC SCHOOLS,2,749900
4,4,3165,5,24920.96427,0.05,Condo/Townhome,3,FAIRFAX COUNTY PUBLIC SCHOOLS,2,799900
3,4,2962,6,24914.57394,0.04,Condo/Townhome,3,FAIRFAX COUNTY PUBLIC SCHOOLS,2,693000
5,2,3028,68,19157.02317,0.57,Single Family,2,FAIRFAX COUNTY PUBLIC SCHOOLS,1,667500
3,3,1187,41,25839.31883,0.14,Single Family,3,FAIRFAX COUNTY PUBLIC SCHOOLS,0,499000
3,1,936,65,24382.89737,0.31,Single Family,1,FAIRFAX COUNTY PUBLIC SCHOOLS,0,429000
1,1,827,14,16892.19019,0,Condo/Townhome,1,FAIRFAX COUNTY PUBLIC SCHOOLS,2,369900
4,3,2468,53,18450.4133,0.48,Single Family,2,FAIRFAX COUNTY PUBLIC SCHOOLS,2,1225000
5,6,6957,23,30392.74891,0.37,Single Family,3,FAIRFAX COUNTY PUBLIC SCHOOLS,2,999000
5,4,1344,52,19266.28268,0.29,Single Family,2,FAIRFAX COUNTY PUBLIC SCHOOLS,0,699990
3,4,2154,12,29245.5163,0.07,Condo/Townhome,3,FAIRFAX COUNTY PUBLIC SCHOOLS,2,600000
5,5,1658,0,22054.40863,0.54,Single Family,3,FAIRFAX COUNTY PUBLIC SCHOOLS,3,1499000
4,3,3095,33,24963.53576,0.2,Single Family,3,FAIRFAX COUNTY PUBLIC SCHOOLS,2,745000
6,3,3015,58,24714.62752,0.47,Single Family,2,FAIRFAX COUNTY PUBLIC SCHOOLS,1,629900
4,4,4241,19,29038.2292,0.21,Single Family,3,FAIRFAX COUNTY PUBLIC SCHOOLS,3,1049000
5,5,6450,27,31764.93466,0.34,Single Family,3,FAIRFAX COUNTY PUBLIC SCHOOLS,2,899990
5,5,3227,61,23570.0307,0.54,Single Family,2,FAIRFAX COUNTY PUBLIC SCHOOLS,0,850000
3,4,2295,47,24245.96579,0.05,Condo/Townhome,3,FAIRFAX COUNTY PUBLIC SCHOOLS,0,519900
4,5,3118,22,31294.9785,0.23,Single Family,3,FAIRFAX COUNTY PUBLIC SCHOOLS,2,839000
6,7,7032,0,12448.5491,0.3,Single Family,3,FAIRFAX COUNTY PUBLIC SCHOOLS,3,1835000
4,3,2756,52,31845.82135,0.27,Single Family,2,FAIRFAX COUNTY PUBLIC SCHOOLS,2,525000
4,3,3237,55,20303.23994,0.27,Single Family,2,FAIRFAX COUNTY PUBLIC SCHOOLS,1,775000
7,8,8354,0,14177.7133,0.33,Single Family,3,FAIRFAX COUNTY PUBLIC SCHOOLS,0,2299000
5,5,2754,4,24629.82729,0.06,Single Family,3,FAIRFAX COUNTY PUBLIC SCHOOLS,2,899000
4,3,1590,50,24164.56843,0.27,Single Family,3,FAIRFAX COUNTY PUBLIC SCHOOLS,1,585000
3,4,2242,21,26894.7057,0.05,Condo/Townhome,3,FAIRFAX COUNTY PUBLIC SCHOOLS,2,559000
4,3,1974,52,26044.57074,0.35,Single Family,3,FAIRFAX COUNTY PUBLIC SCHOOLS,2,559900
3,2,1315,72,23275.45458,0.27,Single Family,1,FAIRFAX COUNTY PUBLIC SCHOOLS,0,575000
4,2,1144,63,23895.62907,0.3,Single Family,3,FAIRFAX COUNTY PUBLIC SCHOOLS,1,439900
3,2,2473,91,19381.68509,0.46,Single Family,3,FAIRFAX COUNTY PUBLIC SCHOOLS,1,800000
4,4,1849,36,23490.19819,0.32,Single Family,3,FAIRFAX COUNTY PUBLIC SCHOOLS,2,619888
4,5,2710,20,23346.36552,0.06,Condo/Townhome,3,FAIRFAX COUNTY PUBLIC SCHOOLS,2,785000
4,4,2502,19,19583.84317,0.12,Single Family,3,FAIRFAX COUNTY PUBLIC SCHOOLS,2,755000
3,4,1452,46,14463.4859,0.03,Condo/Townhome,3,FAIRFAX COUNTY PUBLIC SCHOOLS,0,459700
5,5,4873,15,21199.19867,1.07,Single Family,3,FAIRFAX COUNTY PUBLIC SCHOOLS,3,1299000
6,5,5714,53,21656.8615,0.92,Single Family,3,FAIRFAX COUNTY PUBLIC SCHOOLS,2,1248000
4,5,3234,31,28120.08545,0.34,Single Family,3,FAIRFAX COUNTY PUBLIC SCHOOLS,2,949900
3,2,1092,64,21400.55235,0.58,Single Family,2,FAIRFAX COUNTY PUBLIC SCHOOLS,0,675000
5,4,4678,6,24987.32026,0.13,Single Family,3,FAIRFAX COUNTY PUBLIC SCHOOLS,2,925000
5,5,3620,0,24959.26008,0.17,Single Family,3,FAIRFAX COUNTY PUBLIC SCHOOLS,2,809900
3,3,2272,67,25830.82451,0.22,Single Family,2,FAIRFAX COUNTY PUBLIC SCHOOLS,2,559900
4,5,3298,20,23426.7026,0.06,Condo/Townhome,3,FAIRFAX COUNTY PUBLIC SCHOOLS,2,825000
4,2,2300,47,33301.81433,5.73,Single Family,2,FAIRFAX COUNTY PUBLIC SCHOOLS,2,699000
4,3,2552,59,22546.83053,0.58,Single Family,2,FAIRFAX COUNTY PUBLIC SCHOOLS,0,600000
5,5,3322,18,29171.32498,0.2,Single Family,3,FAIRFAX COUNTY PUBLIC SCHOOLS,2,993000
4,2,2528,64,27948.65037,0.51,Single Family,1,FAIRFAX COUNTY PUBLIC SCHOOLS,0,625000
4,3,2000,51,23465.87955,0.26,Single Family,2,FAIRFAX COUNTY PUBLIC SCHOOLS,0,546000
5,5,4244,38,24419.32193,1.01,Single Family,3,FAIRFAX COUNTY PUBLIC SCHOOLS,2,939990
4,3,2208,53,26039.71191,0.35,Single Family,3,FAIRFAX COUNTY PUBLIC SCHOOLS,2,450000
5,7,7731,16,26643.66169,1.73,Single Family,3,FAIRFAX COUNTY PUBLIC SCHOOLS,3,1650000
4,4,4666,0,25858.55077,1,Single Family,3,FAIRFAX COUNTY PUBLIC SCHOOLS,2,1413900
6,5,6232,5,18983.81778,0.58,Single Family,3,FAIRFAX COUNTY PUBLIC SCHOOLS,5,1349000
3,3,1788,35,22314.6217,0.22,Single Family,2,FAIRFAX COUNTY PUBLIC SCHOOLS,2,564900
7,7,6049,0,10848.46729,0.26,Single Family,3,FAIRFAX COUNTY PUBLIC SCHOOLS,2,1999000
5,5,5468,0,14594.23868,0.24,Single Family,3,FAIRFAX COUNTY PUBLIC SCHOOLS,2,1350000
5,5,5600,0,23880.98834,0.52,Single Family,3,FAIRFAX COUNTY PUBLIC SCHOOLS,2,1295000
4,3,2436,39,29641.9646,5,Single Family,2,FAIRFAX COUNTY PUBLIC SCHOOLS,2,675000
6,7,7399,0,14355.31538,0.28,Single Family,3,FAIRFAX COUNTY PUBLIC SCHOOLS,3,2389995
5,5,6500,0,11402.77668,0.25,Single Family,3,FAIRFAX COUNTY PUBLIC SCHOOLS,2,1799000
6,5,3687,20,16647.3721,0.2,Single Family,3,FAIRFAX COUNTY PUBLIC SCHOOLS,2,1176000
6,4,3040,69,15317.59768,0.43,Single Family,3,FAIRFAX COUNTY PUBLIC SCHOOLS,1,545000
5,5,1578,61,19558.6443,0.24,Single Family,3,FAIRFAX COUNTY PUBLIC SCHOOLS,1,735000
4,4,3741,34,27710.79572,0.83,Single Family,3,FAIRFAX COUNTY PUBLIC SCHOOLS,2,929000
5,7,7223,0,15358.62204,0.39,Single Family,3,FAIRFAX COUNTY PUBLIC SCHOOLS,3,1295000
4,4,2190,41,26382.83519,0.06,Condo/Townhome,3,FAIRFAX COUNTY PUBLIC SCHOOLS,2,777000
4,5,3913,43,18117.79651,0.68,Single Family,3,FAIRFAX COUNTY PUBLIC SCHOOLS,2,1700000
3,3,2520,51,30670.7089,0.24,Single Family,2,FAIRFAX COUNTY PUBLIC SCHOOLS,0,578000
6,5,5030,27,27271.14197,0.45,Single Family,3,FAIRFAX COUNTY PUBLIC SCHOOLS,2,1144000
7,12,15000,5,24674.12697,7.97,Single Family,3,FAIRFAX COUNTY PUBLIC SCHOOLS,4,6680000
6,7,6739,0,29158.94365,1.12,Single Family,3,FAIRFAX COUNTY PUBLIC SCHOOLS,3,1399000
4,4,2804,39,29805.0672,0.62,Single Family,3,FAIRFAX COUNTY PUBLIC SCHOOLS,2,699900
3,3,4496,14,23116.76255,0.32,Single Family,3,FAIRFAX COUNTY PUBLIC SCHOOLS,2,899900
5,6,4800,1,30246.79119,0.62,Single Family,3,FAIRFAX COUNTY PUBLIC SCHOOLS,2,1099000
5,5,5030,64,11801.59066,0.91,Single Family,3,FAIRFAX COUNTY PUBLIC SCHOOLS,3,1825000
3,4,2408,4,24863.4702,0.04,Condo/Townhome,3,FAIRFAX COUNTY PUBLIC SCHOOLS,2,694000
3,4,1600,42,21991.50511,0.25,Single Family,3,FAIRFAX COUNTY PUBLIC SCHOOLS,1,579000
6,6,6178,0,10967.8572,0.34,Single Family,3,FAIRFAX COUNTY PUBLIC SCHOOLS,2,1875000
4,4,3583,0,22793.38026,0.18,Single Family,3,FAIRFAX COUNTY PUBLIC SCHOOLS,2,1078911
4,4,3397,0,18243.41815,0.26,Single Family,3,FAIRFAX COUNTY PUBLIC SCHOOLS,2,1299900
2,2,1392,34,28653.34312,0,Condo/Townhome,2,FAIRFAX COUNTY PUBLIC SCHOOLS,0,265000
4,4,2025,40,21603.24981,0.2,Single Family,3,FAIRFAX COUNTY PUBLIC SCHOOLS,1,614977
5,6,6523,0,24334.93343,2.2,Single Family,3,FAIRFAX COUNTY PUBLIC SCHOOLS,3,1499900
5,5,4375,15,13609.16566,0.24,Single Family,3,FAIRFAX COUNTY PUBLIC SCHOOLS,2,1390000
3,3,1781,53,20846.20061,0.89,Single Family,3,FAIRFAX COUNTY PUBLIC SCHOOLS,0,650000
4,4,4588,23,17549.08,0.34,Single Family,3,FAIRFAX COUNTY PUBLIC SCHOOLS,2,1099000
7,10,10173,3,29734.78957,1.72,Single Family,3,FAIRFAX COUNTY PUBLIC SCHOOLS,4,2195000
5,4,2556,83,13358.93098,0.25,Single Family,3,FAIRFAX COUNTY PUBLIC SCHOOLS,0,865000
4,2,1896,67,25373.99276,0.87,Single Family,1,FAIRFAX COUNTY PUBLIC SCHOOLS,1,1590000
6,6,3000,0,11453.59217,0.26,Single Family,3,FAIRFAX COUNTY PUBLIC SCHOOLS,2,1488995
6,5,4339,1,23365.76424,0.21,Single Family,3,FAIRFAX COUNTY PUBLIC SCHOOLS,2,889900
5,5,6300,23,24436.88067,0.2,Single Family,3,FAIRFAX COUNTY PUBLIC SCHOOLS,2,825000
4,4,3356,30,31168.99395,4.62,Single Family,3,FAIRFAX COUNTY PUBLIC SCHOOLS,2,869000
4,2,1582,78,25060.48714,0.34,Single Family,3,FAIRFAX COUNTY PUBLIC SCHOOLS,0,580000
4,4,3217,1,31113.7801,0.25,Single Family,3,FAIRFAX COUNTY PUBLIC SCHOOLS,2,1165000
6,4,3200,1,31150.26532,0.25,Single Family,3,FAIRFAX COUNTY PUBLIC SCHOOLS,2,1119000
4,4,3087,1,31088.00343,0.31,Single Family,3,FAIRFAX COUNTY PUBLIC SCHOOLS,3,984900
4,4,2827,37,28136.90499,0.44,Single Family,3,FAIRFAX COUNTY PUBLIC SCHOOLS,2,619500
4,4,3611,0,19340.50407,0.73,Single Family,3,FAIRFAX COUNTY PUBLIC SCHOOLS,2,1119900
4,3,3462,35,27708.60594,0.78,Single Family,3,FAIRFAX COUNTY PUBLIC SCHOOLS,2,775000
4,6,7264,0,23891.38782,0.84,Single Family,3,FAIRFAX COUNTY PUBLIC SCHOOLS,3,1899900
4,6,5352,0,23913.40848,0.94,Single Family,3,FAIRFAX COUNTY PUBLIC SCHOOLS,3,1594900
4,4,3542,1,16472.67662,0.22,Single Family,3,FAIRFAX COUNTY PUBLIC SCHOOLS,2,850000
5,6,5800,1,27612.99423,1,Single Family,3,FAIRFAX COUNTY PUBLIC SCHOOLS,3,1418000
5,5,5600,1,23880.98834,0.5,Single Family,3,FAIRFAX COUNTY PUBLIC SCHOOLS,2,1275000
4,4,3180,0,22913.58249,0.62,Single Family,3,FAIRFAX COUNTY PUBLIC SCHOOLS,3,995900
4,3,1440,53,19297.03684,0.27,Single Family,2,FAIRFAX COUNTY PUBLIC SCHOOLS,1,589900
5,5,4389,1,25162.88316,0.2,Single Family,3,FAIRFAX COUNTY PUBLIC SCHOOLS,2,926990
4,4,2222,41,21419.21416,0.21,Single Family,3,FAIRFAX COUNTY PUBLIC SCHOOLS,0,599900
4,5,4764,0,16623.52396,0.66,Single Family,3,FAIRFAX COUNTY PUBLIC SCHOOLS,2,1449900
5,5,6700,25,24299.91831,1.85,Single Family,3,FAIRFAX COUNTY PUBLIC SCHOOLS,3,1425000
4,6,5352,0,33202.16985,5,Single Family,3,FAIRFAX COUNTY PUBLIC SCHOOLS,3,1069900
6,4,3600,32,35929.3477,0.23,Single Family,3,FAIRFAX COUNTY PUBLIC SCHOOLS,0,653000
6,5,5857,13,22185.76708,0.64,Single Family,3,FAIRFAX COUNTY PUBLIC SCHOOLS,2,964000
4,3,4000,18,26192.15667,0.07,Single Family,3,FAIRFAX COUNTY PUBLIC SCHOOLS,2,559000
5,6,7020,22,16566.16551,0.5,Single Family,3,FAIRFAX COUNTY PUBLIC SCHOOLS,4,1750000
5,4,99999,42,19863.98605,0.36,Single Family,3,FAIRFAX COUNTY PUBLIC SCHOOLS,0,895000
4,4,3022,72,15888.73677,1.68,Single Family,3,FAIRFAX COUNTY PUBLIC SCHOOLS,1,1350000
1,1,1300,74,28428.03359,1,Single Family,1,FAIRFAX COUNTY PUBLIC SCHOOLS,0,2000000
5,5,5312,1,16530.53492,0.6,Single Family,3,FAIRFAX COUNTY PUBLIC SCHOOLS,0,1493140
4,6,5352,0,28413.08639,0.86,Single Family,3,FAIRFAX COUNTY PUBLIC SCHOOLS,3,1680900
5,7,12000,10,24153.36451,2.83,Single Family,3,FAIRFAX COUNTY PUBLIC SCHOOLS,4,3697000
4,6,6719,0,32984.0813,1.59,Single Family,3,FAIRFAX COUNTY PUBLIC SCHOOLS,3,1110000
4,4,3424,1,26968.97054,5,Single Family,3,FAIRFAX COUNTY PUBLIC SCHOOLS,2,1349000
4,2,1180,64,22190.9445,0.74,Single Family,2,FAIRFAX COUNTY PUBLIC SCHOOLS,1,500000
4,6,6246,1,30368.01746,5.95,Single Family,3,FAIRFAX COUNTY PUBLIC SCHOOLS,5,2167485
5,8,8000,2,16714.79273,3.39,Single Family,3,FAIRFAX COUNTY PUBLIC SCHOOLS,3,4975000
